brand,model
Abarth,124 Spider
Abarth,500
Abarth,500C
Abarth,500e
Abarth,595
Abarth,595C
Abarth,600e
Abarth,695
Abarth,695C
Abarth,Grande Punto
Abarth,Punto
Abarth,Punto Evo
Acura,ADX
Acura,CDX
Acura,CL
Acura,CL Type-S
Acura,CSX
Acura,EL
Acura,ILX
Acura,Integra
Acura,Integra Type-R
Acura,Integra Type-S
Acura,Legend
Acura,MDX
Acura,NSX
Acura,RDX
Acura,RL
Acura,RLX
Acura,RSX
Acura,SLX
Acura,TL
Acura,TLX
Acura,TLX-L
Acura,TSX
Acura,Vigor
Acura,ZDX
Aion,Hyper GT
Aion,Hyper HT
Aion,Hyper SSR
Aion,LX
Aion,LX Plus
Aion,RT
Aion,S
Aion,S Max
Aion,S Plus
Aion,UT
Aion,V
Aion,V Plus
Aion,Y
Aion,Y Plus
Aito,M5
Aito,M5 Ultra
Aito,M7
Aito,M8
Aito,M9
Aiways,U5
Aiways,U6
Aixam,City
Aixam,Coupe
Aixam,Crossline
Aixam,Crossover
Aixam,D-Truck
Aixam,E-Scouty
Aixam,E-Truck
Aixam,Minauto
Alfa Romeo,145
Alfa Romeo,146
Alfa Romeo,147
Alfa Romeo,155
Alfa Romeo,156
Alfa Romeo,159
Alfa Romeo,164
Alfa Romeo,166
Alfa Romeo,33
Alfa Romeo,4C
Alfa Romeo,75
Alfa Romeo,8C Competizione
Alfa Romeo,90
Alfa Romeo,Alfa 6
Alfa Romeo,Alfasud
Alfa Romeo,Alfetta
Alfa Romeo,Arna
Alfa Romeo,Brera
Alfa Romeo,Crosswagon Q4
Alfa Romeo,Giulia
Alfa Romeo,Giulietta
Alfa Romeo,GT
Alfa Romeo,GTV
Alfa Romeo,Junior
Alfa Romeo,Milano
Alfa Romeo,MiTo
Alfa Romeo,Montreal
Alfa Romeo,RZ
Alfa Romeo,Spider
Alfa Romeo,Sprint
Alfa Romeo,Stelvio
Alfa Romeo,SZ
Alfa Romeo,Tonale
Alpine,A106
Alpine,A108
Alpine,A110
Alpine,A290
Alpine,A310
Alpine,A610
Alpine,GTA
Arcfox,Alpha-S
Arcfox,Alpha-S HI
Arcfox,Alpha-S PRO
Arcfox,Alpha-S5
Arcfox,Alpha-S6
Arcfox,Alpha-T
Arcfox,Alpha-T PRO
Arcfox,Alpha-T5
Arcfox,Alpha-T6
Arcfox,Kaola
Arcfox,Kaola S
ARO,10
ARO,24
Aston Martin,AMV8
Aston Martin,Bulldog
Aston Martin,Cygnet
Aston Martin,DB11
Aston Martin,DB12
Aston Martin,DB7
Aston Martin,DB7 Vantage
Aston Martin,DB9
Aston Martin,DBS
Aston Martin,DBS 770 Ultimate
Aston Martin,DBS Superleggera
Aston Martin,DBX
Aston Martin,DBX707
Aston Martin,Lagonda
Aston Martin,One-77
Aston Martin,Rapide
Aston Martin,Rapide AMR
Aston Martin,Rapide S
Aston Martin,V12 Vanquish
Aston Martin,V12 Vantage
Aston Martin,V12 Zagato
Aston Martin,V8
Aston Martin,V8 Vantage
Aston Martin,V8 Virage
Aston Martin,V8 Zagato
Aston Martin,Valhalla
Aston Martin,Valkyrie
Aston Martin,Valour
Aston Martin,Vanquish
Aston Martin,Vanquish S
Aston Martin,Vantage
Aston Martin,Virage
Audi,100
Audi,200
Audi,4000
Audi,5+5
Audi,5000
Audi,80
Audi,90
Audi,A1
Audi,A1 allstreet
Audi,A1 citycarver
Audi,A2
Audi,A3
Audi,A3 allstreet
Audi,A3L
Audi,A4
Audi,A4 Allroad
Audi,A4L
Audi,A5
Audi,A5L
Audi,A6
Audi,A6 Allroad
Audi,A6 e-tron
Audi,A6L
Audi,A7
Audi,A7L
Audi,A8
Audi,A8L
Audi,Allroad
Audi,Cabriolet
Audi,Coupe
Audi,e-tron
Audi,e-tron GT
Audi,e-tron S
Audi,e-tron S Sportback
Audi,e-tron Sportback
Audi,Q2
Audi,Q2L
Audi,Q2L e-tron
Audi,Q3
Audi,Q3 Sportback
Audi,Q4 e-tron
Audi,Q4 Sportback e-tron
Audi,Q5
Audi,Q5 e-tron
Audi,Q5 Sportback
Audi,Q5L
Audi,Q5L Sportback
Audi,Q6
Audi,Q6 e-tron
Audi,Q6 Sportback e-tron
Audi,Q6L e-tron
Audi,Q6L Sportback e-tron
Audi,Q7
Audi,Q8
Audi,Q8 e-tron
Audi,Q8 Sportback e-tron
Audi,R8
Audi,RS e-tron GT
Audi,RS Q3
Audi,RS Q3 Sportback
Audi,RS Q8
Audi,RS2
Audi,RS3
Audi,RS4
Audi,RS5
Audi,RS6
Audi,RS7
Audi,S e-tron GT
Audi,S1
Audi,S2
Audi,S3
Audi,S4
Audi,S5
Audi,S6
Audi,S6 e-tron
Audi,S7
Audi,S8
Audi,S8L
Audi,SQ2
Audi,SQ5
Audi,SQ5 Sportback
Audi,SQ6 e-tron
Audi,SQ6 Sportback e-tron
Audi,SQ7
Audi,SQ8
Audi,SQ8 e-tron
Audi,SQ8 Sportback e-tron
Audi,TT
Audi,TT RS
Audi,TT S
Audi,V8
Avatr,11
Avatr,7
Avatr,11
Avatr,12
BAIC,Beijing 3
BAIC,Beijing 5
BAIC,Beijing 7
BAIC,Senova A1
BAIC,A5
BAIC,B30 Dune
BAIC,B40 Plus
BAIC,B40 Ragnar
BAIC,B60 Beaumont
BAIC,B80
BAIC,Bayanihan H5
BAIC,BJ20
BAIC,BJ30
BAIC,BJ40
BAIC,BJ40 C
BAIC,BJ40 Plus
BAIC,BJ40 SE
BAIC,BJ40L
BAIC,Beijing BJ60
BAIC,BJ80
BAIC,BJ90
BAIC,E-Series
BAIC,ES210
BAIC,EU260
BAIC,Beijing EU5
BAIC,Beijing EU5 Plus
BAIC,Beijing EU7
BAIC,EV150
BAIC,EV200
BAIC,EV5
BAIC,F40
BAIC,Freedom
BAIC,M20
BAIC,M50S
BAIC,M60
BAIC,MZ40
BAIC,MZ45
BAIC,Senova CC
BAIC,Senova D20
BAIC,Senova D50
BAIC,Senova D60
BAIC,Senova D70
BAIC,Senova D80
BAIC,Senova X25
BAIC,Senova X35
BAIC,Senova X55
BAIC,Senova X65
BAIC,Senova Zhixing
BAIC,U5
BAIC,Beijing U5 Plus
BAIC,Beijing U7
BAIC,Beijing X3
BAIC,X30
BAIC,X35
BAIC,X424
BAIC,Beijing X5
BAIC,Beijing X55
BAIC,Beijing X55 Plus
BAIC,Beijing X6
BAIC,Beijing X7
BAIC,X75
Bajaj,Qute
Baojun,310
Baojun,310W
Baojun,330
Baojun,360
Baojun,510
Baojun,530
Baojun,560
Baojun,610
Baojun,630
Baojun,730
Baojun,Cloud
Baojun,E100
Baojun,E200
Baojun,E300
Baojun,E300 Plus
Baojun,KiWi EV
Baojun,Lechi
Baojun,RC-5
Baojun,RC-6
Baojun,RM-5
Baojun,RS-3
Baojun,RS-5
Baojun,Sea Of Clouds
Baojun,Valli
Baojun,Yep
Baojun,Yep Plus
BAW,A00 Pony
BAW,Ace EM7
BAW,Ace M7
BAW,BJ2022 Warrior
BAW,BJ212
BAW,BW007
BAW,Gladiator
BAW,Leopard
BAW,Luba
BAW,Luling
BAW,Pickup
BAW,Qishi S12
BAW,Ruiling
BAW,Whale Card T6
BAW,Whale Card T7
BAW,Warrior Pickup
BAW,Yueling
BAW,Zhanqi
BAW,Zhanqi Pickup
Belgee,S50
Belgee,X50
Belgee,X70
Bentley,Arnage
Bentley,Azure
Bentley,Bentayga
Bentley,Brooklands
Bentley,Continental
Bentley,Continental Flying Spur
Bentley,Continental GT
Bentley,Continental GTC
Bentley,Continental Supersports
Bentley,Flying Spur
Bentley,Mulsanne
BAIC BJEV,EC220
BAIC BJEV,EC3
BAIC BJEV,EC5
BAIC BJEV,EU300
BAIC BJEV,EU5
BAIC BJEV,EU5 Plus
BAIC BJEV,EU7
BAIC BJEV,EX3
BAIC BJEV,EX360
BAIC BJEV,EX5
BAIC BJEV,Lite
BMW,1 Series
BMW,2 Series
BMW,2 Series Active Tourer
BMW,2 Series Gran Coupe
BMW,2 Series Gran Tourer
BMW,3 Series
BMW,3 Series Gran Turismo
BMW,4 Series
BMW,4 Series Gran Coupe
BMW,5 Series
BMW,5 Series Gran Turismo
BMW,6 Series
BMW,6 Series Gran Turismo
BMW,7 Series
BMW,8 Series
BMW,E9
BMW,i3
BMW,i4
BMW,i5
BMW,i7
BMW,i8
BMW,iX
BMW,iX1
BMW,iX2
BMW,iX3
BMW,M Coupe
BMW,M Roadster
BMW,M1
BMW,M2
BMW,M3
BMW,M4
BMW,M5
BMW,M6
BMW,M8
BMW,X1
BMW,X2
BMW,X3
BMW,X3 M
BMW,X4
BMW,X4 M
BMW,X5
BMW,X5 M
BMW,X6
BMW,X6 M
BMW,X7
BMW,XM
BMW,Z3
BMW,Z4
BMW,Z8
BMW Alpina,B10
BMW Alpina,B11
BMW Alpina,B12
BMW Alpina,B3
BMW Alpina,B4
BMW Alpina,B5
BMW Alpina,B6
BMW Alpina,B7
BMW Alpina,B8
BMW Alpina,D10
BMW Alpina,D3
BMW Alpina,D4
BMW Alpina,D5
BMW Alpina,Roadster
BMW Alpina,XB7
BMW Alpina,XD3
BMW Alpina,XD4
Borgward,BX3
Borgward,BX5
Borgward,BX6
Borgward,BX7
Borgward,BX7 TS
Borgward,BXi7
Brilliance,BS4
Brilliance,BS6
Brilliance,Dolphin
Brilliance,FRV
Brilliance,FRV Cross
Brilliance,FSV
Brilliance,H220
Brilliance,H230
Brilliance,H230EV
Brilliance,H3
Brilliance,H320
Brilliance,H330
Brilliance,H530
Brilliance,M1
Brilliance,M2
Brilliance,M3
Brilliance,V3
Brilliance,V5
Brilliance,V6
Brilliance,V7
Bugatti,Centodieci
Bugatti,Chiron
Bugatti,Divo
Bugatti,EB110
Bugatti,EB16.4 Veyron
Bugatti,EB112
Bugatti,Veyron
Bugatti,W16 Mistral
Buick,Allure
Buick,Cascada
Buick,Century
Buick,Electra
Buick,Electra E4
Buick,Electra E4 GS
Buick,Electra E5
Buick,Enclave
Buick,Encore
Buick,Encore GX
Buick,Encore Plus
Buick,Envision
Buick,Envision Plus
Buick,Envision S
Buick,Envision S GS
Buick,Envista
Buick,Envista GS
Buick,Excelle
Buick,Excelle GT
Buick,Excelle GX
Buick,Excelle XT
Buick,GL6
Buick,GL8
Buick,GL8 ES
Buick,GL8 LS
Buick,GL8 PHEV
Buick,Grand National
Buick,LaCrosse
Buick,LeSabre
Buick,Lucerne
Buick,Park Avenue
Buick,Rainier
Buick,Regal
Buick,Regal GS
Buick,Regal TourX
Buick,Rendezvous
Buick,Riviera
Buick,Roadmaster
Buick,Royaum
Buick,Sail
Buick,Skylark
Buick,Terraza
Buick,Velite 5
Buick,Velite 6
Buick,Velite 7
Buick,Verano
Buick,Verano GS
Buick,Verano Pro
Buick,Verano Pro GS
Buick,Wildcat
BYD,Atto 2
BYD,Atto 3
BYD,D1
BYD,Destroyer 05
BYD,Dolphin
BYD,Dolphin mini
BYD,Dolphin Plus
BYD,e1
BYD,e2
BYD,e3
BYD,e5
BYD,e6
BYD,F0
BYD,F3
BYD,F3R
BYD,F5
BYD,F6
BYD,F7
BYD,Flyer
BYD,Frigate 07
BYD,G3
BYD,G3R
BYD,G5
BYD,G6
BYD,Han
BYD,Han L
BYD,King
BYD,L3
BYD,M3
BYD,M6
BYD,Qin
BYD,Qin L
BYD,Qin Plus
BYD,Qin Pro
BYD,S2
BYD,S3
BYD,S5
BYD,S6
BYD,S7
BYD,S8
BYD,Sea Lion 05
BYD,Sea Lion 07
BYD,Sea Lion 6
BYD,Seagull
BYD,Seal
BYD,Seal 05
BYD,Seal 06 GT
BYD,Seal 07
BYD,Seal 06
BYD,Seal U
BYD,Shark
BYD,Shark 6
BYD,Sirui
BYD,Song
BYD,Song L
BYD,Song MAX
BYD,Song Plus
BYD,Song Pro
BYD,T3
BYD,Tan
BYD,Tang
BYD,Tang L
BYD,Xia
BYD,Yangwang U8
BYD,Yuan
BYD,Yuan EV
BYD,Yuan Plus
BYD,Yuan Pro
BYD,Yuan Up
Cadillac,Allante
Cadillac,ATS
Cadillac,ATS-L
Cadillac,ATS-V
Cadillac,BLS
Cadillac,Brougham
Cadillac,Catera
Cadillac,CT4
Cadillac,CT4-V
Cadillac,CT5
Cadillac,CT5-V
Cadillac,CT6
Cadillac,CT6-V
Cadillac,CTS
Cadillac,CTS-V
Cadillac,DeVille
Cadillac,DTS
Cadillac,Eldorado
Cadillac,ELR
Cadillac,Escalade
Cadillac,Escalade IQ
Cadillac,Escalade-V
Cadillac,Fleetwood
Cadillac,Fleetwood Brougham
Cadillac,GT4
Cadillac,Lyriq
Cadillac,Lyriq-V
Cadillac,Optiq
Cadillac,Optiq-V
Cadillac,Seville
Cadillac,SLS
Cadillac,SRX
Cadillac,STS
Cadillac,STS-V
Cadillac,Vistiq
Cadillac,XLR
Cadillac,XLR-V
Cadillac,XT4
Cadillac,XT5
Cadillac,XT6
Cadillac,XTS
Casalini,550
Casalini,M20
Changan,A800
Changan,Alsvin
Changan,Alsvin V3
Changan,Alsvin V5
Changan,Alsvin V7
Changan,Benni
Changan,Benni Love
Changan,Benni Mini
Changan,CS1
Changan,CS15
Changan,CS15EV
Changan,CS35
Changan,CS35 Plus
Changan,CS55
Changan,CS55 Plus
Changan,CS75
Changan,CS75 Plus
Changan,CS75 Pro
Changan,CS85 Coupe
Changan,CS95
Changan,CS95 Plus
Changan,CX20
Changan,CX30
Changan,CX70
Changan,CX70T
Changan,Eado
Changan,Eado DT
Changan,Eado ET
Changan,Eado EV
Changan,Eado Plus
Changan,Eado XT
Changan,Explorer
Changan,F70 Blue Whale
Changan,G10
Changan,Honor
Changan,Honor S
Changan,Hunter
Changan,Hunter Plus
Changan,Lamore
Changan,Linmax
Changan,Lumin
Changan,Ossan
Changan,Nevo A05
Changan,Nevo A07
Changan,Nevo Q05
Changan,Raeton
Changan,Raeton CC
Changan,Raeton Plus
Changan,S50
Changan,Star 5
Changan,Star 9
Changan,UNI-K
Changan,UNI-S
Changan,UNI-T
Changan,UNI-V
Changan,UNI-Z
Changan,X5 Plus
Changan,Oshan X7
Changan,X7 Plus
Changan,Z-Shine
Changan Qiyuan Nevo,A05
Changan Qiyuan Nevo,A07
Changan Qiyuan Nevo,E07
Changan Qiyuan Nevo,Q05
Changan Qiyuan Nevo,Q07
Changhe,A6
Changhe,Beidouxing
Changhe,Beidouxing X5
Changhe,Beidouxing X5E
Changhe,EC100
Changhe,EV2
Changhe,EV5
Changhe,Fortune
Changhe,Freedom
Changhe,Ideal
Changhe,K21
Changhe,K22
Changhe,M50
Changhe,M50S
Changhe,M60
Changhe,M70
Changhe,Q25
Changhe,Q35
Changhe,Q7
Chery,A1
Chery,A113
Chery,A13
Chery,A3
Chery,A5
Chery,Aika
Chery,Alia
Chery,Amulet
Chery,Arauca
Chery,Arrizo 3
Chery,Arrizo 5
Chery,Arrizo 5 GT
Chery,Arrizo 5 Plus
Chery,Arrizo 5e
Chery,Arrizo 6
Chery,Arrizo 6 Pro
Chery,Arrizo 7
Chery,Arrizo 7e
Chery,Arrizo 8
Chery,Arrizo 8 Pro
Chery,Arrizo e
Chery,Arrizo GX
Chery,Arrizo M7
Chery,B14
Chery,Beat
Chery,Bonus
Chery,Bonus 3
Chery,Campus
Chery,Celer
Chery,Chance
Chery,Cielo
Chery,Cowin
Chery,Cowin1
Chery,Cowin2
Chery,Cowin3
Chery,Cristal
Chery,CrossEastar
Chery,Cruise
Chery,Destiny
Chery,E3
Chery,E5
Chery,E8
Chery,Eastar
Chery,Ego
Chery,Elara
Chery,eQ
Chery,eQ1
Chery,eQ5
Chery,eQ7
Chery,Explore 06
Chery,Face
Chery,Fora
Chery,Fulwin
Chery,Fulwin 2
Chery,FX
Chery,Grand Tiger
Chery,Grand Tiggo
Chery,H5
Chery,iCar
Chery,IndiS
Chery,iQ
Chery,J1
Chery,J11
Chery,J2
Chery,J3
Chery,J5
Chery,Jaggi
Chery,Karry K60
Chery,Kimo
Chery,Little Ant
Chery,M11
Chery,Maxime
Chery,Nice
Chery,Niche
Chery,Omoda 5
Chery,Omoda 5 GT
Chery,Omoda E5
Chery,Orinoco
Chery,P10
Chery,Practivan Karry
Chery,Q
Chery,Q22
Chery,Q22L
Chery,QQ
Chery,QQ Ice Cream
Chery,QQ3
Chery,QQ6
Chery,QQme
Chery,S-18
Chery,S21
Chery,S22
Chery,Skin
Chery,Sweet
Chery,Tengo
Chery,Tiggo
Chery,Tiggo 2
Chery,Tiggo 2 Pro
Chery,Tiggo 2 Pro Max
Chery,Tiggo 3
Chery,Tiggo 3 Pro
Chery,Tiggo 3x
Chery,Tiggo 3x Excellence Edition
Chery,Tiggo 3x Plus
Chery,Tiggo 3xe
Chery,Tiggo 4
Chery,Tiggo 4 Pro
Chery,Tiggo 5
Chery,Tiggo 5x
Chery,Tiggo 5x Excellence Edition
Chery,Tiggo 5x High Energy
Chery,Tiggo 5x Plus
Chery,Tiggo 5x Pro
Chery,Tiggo 5x Sport
Chery,Tiggo 7
Chery,Tiggo 7 C-DM
Chery,Tiggo 7 Excellence Edition
Chery,Tiggo 7 High Energy
Chery,Tiggo 7 Plus
Chery,Tiggo 7 Pro
Chery,Tiggo 7 Pro Max
Chery,Tiggo 7L
Chery,Tiggo 8
Chery,Tiggo 8 Excellence Edition
Chery,Tiggo 8 Honor Edition
Chery,Tiggo 8 Plus
Chery,Tiggo 8 Plus C-DM
Chery,Tiggo 8 Pro
Chery,Tiggo 8 Pro Max
Chery,Tiggo 8L
Chery,Tiggo 9
Chery,Tiggo 9 C-DM
Chery,Tiggo Cross
Chery,Tiggo e
Chery,Tiggo FL
Chery,Transcab
Chery,Transcar
Chery,Transcom
Chery,Unbounded Pro
Chery,V5 Crossover
Chery,Very
Chery,X1
Chery,XCross
Chery,Yoki
Chery,Yoya
Chery,Yoyo
CheryExeed,TXL
Chevrolet,Agile
Chevrolet,Alero
Chevrolet,Astra
Chevrolet,Astro
Chevrolet,Avalanche
Chevrolet,Avalanche 1500
Chevrolet,Avalanche 2500
Chevrolet,Aveo
Chevrolet,Aveo Family
Chevrolet,Aveo U-VA
Chevrolet,Aveo5
Chevrolet,Beat
Chevrolet,Beat NB
Chevrolet,Bel Air
Chevrolet,Beretta
Chevrolet,Biscayne
Chevrolet,Blazer
Chevrolet,Blazer EV
Chevrolet,Bolt EV
Chevrolet,Bolt EUV
Chevrolet,BrightDrop
Chevrolet,C10
Chevrolet,C1500
Chevrolet,C1500 Suburban
Chevrolet,C20
Chevrolet,C2500
Chevrolet,C2500 Suburban
Chevrolet,C30
Chevrolet,C3500
Chevrolet,Camaro
Chevrolet,Caprice
Chevrolet,Captiva
Chevrolet,Captiva Sport
Chevrolet,Cavalier
Chevrolet,Celebrity
Chevrolet,Celta
Chevrolet,Chevelle
Chevrolet,Chevy
Chevrolet,Chevy II
Chevrolet,Chevy II Nova
Chevrolet,Chevy Pickup
Chevrolet,Cheyenne
Chevrolet,City Express
Chevrolet,Classic
Chevrolet,Cobalt
Chevrolet,Colorado
Chevrolet,Corsa
Chevrolet,Corsa Classic
Chevrolet,Corsica
Chevrolet,Corvair
Chevrolet,Corvette
Chevrolet,Cruze
Chevrolet,Cruze Limited
Chevrolet,Cruze Sport6 RS
Chevrolet,D-Max
Chevrolet,Damas
Chevrolet,El Camino
Chevrolet,Enjoy
Chevrolet,Epica
Chevrolet,Equinox
Chevrolet,Equinox EV
Chevrolet,Equinox Plus
Chevrolet,Evanda
Chevrolet,Express 1500
Chevrolet,Express 2500
Chevrolet,Express 3500
Chevrolet,Express Cargo
Chevrolet,Express Max
Chevrolet,Express Pasajeros
Chevrolet,G10 Van
Chevrolet,G20 Van
Chevrolet,G30 Van
Chevrolet,Groove
Chevrolet,HHR
Chevrolet,HHR SS
Chevrolet,Impala
Chevrolet,Impala Limited
Chevrolet,Joy
Chevrolet,Joy Plus
Chevrolet,K10
Chevrolet,K1500
Chevrolet,K1500 Suburban
Chevrolet,K20
Chevrolet,K2500
Chevrolet,K2500 Suburban
Chevrolet,K3500
Chevrolet,Kadett
Chevrolet,Kalos
Chevrolet,Labo
Chevrolet,Lacetti
Chevrolet,Lanos
Chevrolet,Lova
Chevrolet,Lova RV
Chevrolet,Lumina
Chevrolet,Lumina APV
Chevrolet,Lumina Van
Chevrolet,LUV
Chevrolet,Malibu
Chevrolet,Malibu Limited
Chevrolet,Malibu Maxx
Chevrolet,Malibu XL
Chevrolet,Matiz
Chevrolet,Menlo
Chevrolet,Meriva
Chevrolet,Metro
Chevrolet,Montana
Chevrolet,Monte Carlo
Chevrolet,Monza
Chevrolet,Move N300
Chevrolet,MW
Chevrolet,N300
Chevrolet,N400
Chevrolet,Nexia
Chevrolet,Niva
Chevrolet,Nova
Chevrolet,Nubira
Chevrolet,Omega
Chevrolet,Onix
Chevrolet,Onix Activ
Chevrolet,Onix Joy
Chevrolet,Onix Plus
Chevrolet,Optra
Chevrolet,Orlando
Chevrolet,Prisma
Chevrolet,Prisma Joy
Chevrolet,Prizm
Chevrolet,R1500 Suburban
Chevrolet,R2500 Suburban
Chevrolet,Rezzo
Chevrolet,S10
Chevrolet,S10 Blazer
Chevrolet,S10 Max
Chevrolet,Sail
Chevrolet,Sail Life
Chevrolet,Sail3
Chevrolet,Savana
Chevrolet,Seeker
Chevrolet,Silverado
Chevrolet,Silverado 1500
Chevrolet,Silverado 1500 Classic
Chevrolet,Silverado 1500 HD
Chevrolet,Silverado 1500 HD Classic
Chevrolet,Silverado 1500 LD
Chevrolet,Silverado 1500 Limited
Chevrolet,Silverado 2500
Chevrolet,Silverado 2500 HD
Chevrolet,Silverado 2500 HD Classic
Chevrolet,Silverado 3500
Chevrolet,Silverado 3500 Classic
Chevrolet,Silverado 3500 HD
Chevrolet,Silverado EV
Chevrolet,Silverado LD
Chevrolet,Sonic
Chevrolet,Sonora
Chevrolet,Spark
Chevrolet,Spark Activ
Chevrolet,Spark Classic
Chevrolet,Spark EUV
Chevrolet,Spark EV
Chevrolet,Spark GT
Chevrolet,Spark GT Activ
Chevrolet,Spark Life
Chevrolet,Spin
Chevrolet,Spin Activ
Chevrolet,Sprint
Chevrolet,SS
Chevrolet,SSR
Chevrolet,Suburban
Chevrolet,Suburban 1500
Chevrolet,Suburban 2500
Chevrolet,C20 Suburban
Chevrolet,R20 Suburban
Chevrolet,T-Series
Chevrolet,Tacuma
Chevrolet,Tahoe
Chevrolet,Tavera
Chevrolet,Tigra
Chevrolet,Tornado
Chevrolet,Tornado Van
Chevrolet,Tracker
Chevrolet,Tracker RS
Chevrolet,TrailBlazer
Chevrolet,TrailBlazer EXT
Chevrolet,Trans Sport
Chevrolet,Traverse
Chevrolet,Traverse Limited
Chevrolet,Trax
Chevrolet,Uplander
Chevrolet,Utility
Chevrolet,V1500 Suburban
Chevrolet,V2500 Suburban
Chevrolet,Vectra
Chevrolet,Venture
Chevrolet,Viva
Chevrolet,Vivant
Chevrolet,Volt
Chevrolet,Zafira
Chirey,Arrizo 8
Chirey,Omoda 5
Chirey,Tiggo 2 Pro
Chirey,Tiggo 4 Pro
Chirey,Tiggo 7 Pro
Chirey,Tiggo 7 Pro Max
Chirey,Tiggo 8 Pro
Chirey,Tiggo 8 Pro Max
Chrysler,200
Chrysler,300
Chrysler,300C
Chrysler,300C SRT-8
Chrysler,300M
Chrysler,Aspen
Chrysler,Cirrus
Chrysler,Concorde
Chrysler,Crossfire
Chrysler,Dynasty
Chrysler,Fifth Avenue
Chrysler,Grand Caravan
Chrysler,Grand Voyager
Chrysler,LeBaron
Chrysler,LHS
Chrysler,Neon
Chrysler,New Yorker
Chrysler,Newport
Chrysler,Pacifica
Chrysler,PT Cruiser
Chrysler,Saratoga
Chrysler,Sebring
Chrysler,Town & Country
Chrysler,Vision
Chrysler,Voyager
Ciimo,Ciimo
Ciimo,M-NV
Ciimo,X-NV
Cirelli,1
Cirelli,2
Cirelli,3
Cirelli,4
Cirelli,5
Cirelli,7
Cirelli,8
Cirelli,Sport Coupe
Citroën,Aircross
Citroën,Ami
Citroën,Ax
Citroën,Basalt
Citroën,Berlingo
Citroën,Berlingo Multispace
Citroën,Beyond
Citroën,Bx
Citroën,C-Crosser
Citroën,C-Elysée
Citroën,C-Quatrè
Citroën,C-Triomphe
Citroën,C-Zero
Citroën,C1
Citroën,C2
Citroën,C3
Citroën,C3 Aircross
Citroën,C3 Picasso
Citroën,C3 Pluriel
Citroën,C3-XR
Citroën,C3L
Citroën,C4
Citroën,C4 Aircross
Citroën,C4 Cactus
Citroën,C4 Picasso
Citroën,C4 Sega
Citroën,C4 SpaceTourer
Citroën,C4 X
Citroën,C4L
Citroën,C5
Citroën,C5 Aircross
Citroën,C5 X
Citroën,C6
Citroën,C8
Citroën,CX
Citroën,Dispatch
Citroën,DS3
Citroën,DS4
Citroën,DS5
Citroën,E-Mehari
Citroën,Elysée
Citroën,Evasion
Citroën,Fukang
Citroën,Grand C4 Picasso
Citroën,Grand C4 SpaceTourer
Citroën,Holidays
Citroën,Jumper
Citroën,Jumpy
Citroën,Nemo
Citroën,Relay
Citroën,Saxo
Citroën,SpaceTourer
Citroën,Synergie
Citroën,Xantia
Citroën,Xm
Citroën,Xsara
Citroën,Xsara Picasso
Citroën,ZX
Cupra,Ateca
Cupra,Born
Cupra,Formentor
Cupra,Leon
Cupra,Tavascan
Cupra,Terramar
Dacia,Bigster
Dacia,Dokker
Dacia,Dokker Express
Dacia,Dokker Stepway
Dacia,Duster
Dacia,Jogger
Dacia,Lodgy
Dacia,Lodgy Stepway
Dacia,Logan
Dacia,Logan MCV
Dacia,Logan MCV Stepway
Dacia,Sandero
Dacia,Sandero Stepway
Dacia,Solenza
Dacia,Spring
Dacia,SupeRNova
Daewoo,Arcadia
Daewoo,Chairman
Daewoo,Damas
Daewoo,Espero
Daewoo,Evanda
Daewoo,Fino
Daewoo,G2X
Daewoo,Gentra
Daewoo,Kalos
Daewoo,Korando
Daewoo,Lacetti
Daewoo,Lanos
Daewoo,Sens
Daewoo,Le Mans
Daewoo,Leganza
Daewoo,Lublin
Daewoo,Magnus
Daewoo,Matiz
Daewoo,Musso
Daewoo,Nexia
Daewoo,Nubira
Daewoo,Prince
Daewoo,Racer
Daewoo,Rezzo
Daewoo,Statesman
Daewoo,Tacuma
Daewoo,Tico
Daewoo,Tosca
Daewoo,Veritas
Daewoo,Winstorm
Daihatsu,Altis
Daihatsu,Applause
Daihatsu,Atrai
Daihatsu,Atrai 7
Daihatsu,Atrai Wagon
Daihatsu,Ayla
Daihatsu,Be-Go
Daihatsu,Boon
Daihatsu,Boon Luminas
Daihatsu,Cast Activa
Daihatsu,Cast Sport
Daihatsu,Cast Style
Daihatsu,Charade
Daihatsu,Coo
Daihatsu,Copen
Daihatsu,Cuore
Daihatsu,Delta Wagon
Daihatsu,Delta Wide
Daihatsu,Esse
Daihatsu,Feroza
Daihatsu,Gran Max
Daihatsu,Gran Move
Daihatsu,Hi-Max
Daihatsu,Hijet
Daihatsu,Hijet Caddie
Daihatsu,Hijet Truck
Daihatsu,Leeza
Daihatsu,Luxio
Daihatsu,Materia
Daihatsu,Max
Daihatsu,Mebius
Daihatsu,Mira
Daihatsu,Mira Avy
Daihatsu,Mira Cocoa
Daihatsu,Mira Custom
Daihatsu,Mira e:S
Daihatsu,Mira Gino
Daihatsu,Mira Gino 1000
Daihatsu,Mira Tocot
Daihatsu,Move
Daihatsu,Move Canbus
Daihatsu,Move Conte
Daihatsu,Move Conte Custom
Daihatsu,Move Custom
Daihatsu,Move Latte
Daihatsu,Naked
Daihatsu,Opti
Daihatsu,Pyzar
Daihatsu,Rocky
Daihatsu,Rugger
Daihatsu,Sigra
Daihatsu,Sirion
Daihatsu,Sonica
Daihatsu,Storia
Daihatsu,Taft
Daihatsu,Tanto
Daihatsu,Tanto Custom
Daihatsu,Tanto Exe
Daihatsu,Tanto Exe Custom
Daihatsu,Tanto FunCross
Daihatsu,Terios
Daihatsu,Terios Kid
Daihatsu,Terios Lucia
Daihatsu,Thor
Daihatsu,Thor Custom
Daihatsu,Trevis
Daihatsu,Wake
Daihatsu,Xenia
Daihatsu,YRV
Datsun,240Z
Datsun,260Z
Datsun,280Z
Datsun,280ZX
Datsun,Cross
Datsun,GO
Datsun,GO+
Datsun,mi-DO
Datsun,on-DO
Datsun,redi-GO
Deepal,E07
Deepal,G318
Deepal,Hunter K50
Deepal,L06
Deepal,L07
Deepal,S05
Deepal,S07
Deepal,S09
Deepal,S7
Deepal,SL03
Denza,400
Denza,500
Denza,D9
Denza,N7
Denza,N8
Denza,N9
Denza,X
Denza,Z9
Denza,Z9 GT
Dodge,Aries
Dodge,Attitude
Dodge,Avenger
Dodge,Ram Van B150
Dodge,Ram Van B250
Dodge,Ram Van B350
Dodge,Caliber
Dodge,Caliber SRT
Dodge,Caravan
Dodge,Challenger
Dodge,Challenger SRT
Dodge,Charger
Dodge,Charger Pursuit
Dodge,Charger SRT
Dodge,Colt
Dodge,D150
Dodge,Dakota
Dodge,Dart
Dodge,Durango
Dodge,Durango SRT
Dodge,Dynasty
Dodge,Forza
Dodge,Grand Caravan
Dodge,Hornet
Dodge,Intrepid
Dodge,JC
Dodge,Journey
Dodge,Magnum
Dodge,Magnum SRT
Dodge,Monaco
Dodge,Neon
Dodge,Neon SRT
Dodge,Nitro
Dodge,Ram 1500
Dodge,Ram 2500
Dodge,Ram 3500
Dodge,Ram SRT
Dodge,Royal Monaco
Dodge,Spirit
Dodge,Sprinter
Dodge,Stealth
Dodge,Stratus
Dodge,Ram Van B1500
Dodge,Ram Van B2500
Dodge,Ram Van B3500
Dodge,Viper
Dodge,Vision
Dongfeng,Glory 330
Dongfeng,Glory 330S
Dongfeng,Glory 360
Dongfeng,Glory 370
Dongfeng,Glory 380
Dongfeng,Glory 500
Dongfeng,Glory 560
Dongfeng,Glory 580
Dongfeng,Glory 580 Pro
Dongfeng,Glory 580 Red Star
Dongfeng,Aeolus A30
Dongfeng,Aeolus A60
Dongfeng,A60 MAX
Dongfeng,Aeolus A9
Dongfeng,Ace (Yipai) 007
Dongfeng,Ace (Yipai) 008
Dongfeng,Aeolus Shine
Dongfeng,Aeolus Shine GS
Dongfeng,Aeolus Shine Mach Edition
Dongfeng,Aeolus Shine MAX
Dongfeng,Aeolus AX3
Dongfeng,Aeolus AX4
Dongfeng,Aeolus AX5
Dongfeng,Aeolus AX7
Dongfeng,Aeolus AX7 Classic
Dongfeng,Aeolus AX7 Mach
Dongfeng,Aeolus AX7 Pro
Dongfeng,Nammi Box
Dongfeng,Sokon C31
Dongfeng,Sokon C31S
Dongfeng,Sokon C32
Dongfeng,Sokon C32S
Dongfeng,Sokon C35
Dongfeng,Sokon C36
Dongfeng,Sokon C37
Dongfeng,Sokon C51
Dongfeng,Sokon C51L
Dongfeng,Sokon C52
Dongfeng,Sokon C52L
Dongfeng,Sokon C56
Dongfeng,Sokon C71
Dongfeng,Sokon C72
Dongfeng,Forthing CM7
Dongfeng,Sokon D51
Dongfeng,Sokon D52
Dongfeng,Sokon D71
Dongfeng,Sokon D71 Plus
Dongfeng,Sokon D72
Dongfeng,Sokon D72 Plus
Dongfeng,DF6
Dongfeng,Glory E1
Dongfeng,Seres E3
Dongfeng,Aeolus E30
Dongfeng,Glory E380
Dongfeng,Aeolus E70
Dongfeng,Aeolus E70 Pro
Dongfeng,Ruichi EC31
Dongfeng,Ruichi EC31L
Dongfeng,Ruichi EC31S
Dongfeng,Ruichi EC35
Dongfeng,Sokon EC36
Dongfeng,Ruichi EC55
Dongfeng,Ruichi EC71L
Dongfeng,Ruichi EC72
Dongfeng,Ruichi EC75
Dongfeng,Ruichi ED71
Dongfeng,Ruichi ED75
Dongfeng,Ruichi EK01S
Dongfeng,EM30-RTT
Dongfeng,Ruichi ES50
Dongfeng,ES500
Dongfeng,Nano EX1
Dongfeng,Nano EX1 Pro
Dongfeng,Forthing F600
Dongfeng,Fengon 5
Dongfeng,Fengon 500
Dongfeng,Fengon 580
Dongfeng,Fengon 7
Dongfeng,Forthing Friday
Dongfeng,Gelora
Dongfeng,Glory i-Auto
Dongfeng,H30
Dongfeng,H30 Cross
Dongfeng,Aeolus Haohan
Dongfeng,Aeolus Haoji
Dongfeng,Aeolus Huge
Dongfeng,Hushi
Dongfeng,Glory ix5
Dongfeng,Glory ix7
Dongfeng,Forthing Joyear
Dongfeng,Forthing Joyear S50
Dongfeng,Forthing Joyear S50EV
Dongfeng,Forthing Joyear SUV
Dongfeng,Forthing Joyear X3
Dongfeng,Forthing Joyear X5
Dongfeng,Forthing Joyear X6
Dongfeng,Forthing Joyear XV
Dongfeng,JustFor CV03
Dongfeng,Sokon K01
Dongfeng,Sokon K02
Dongfeng,Sokon K05S
Dongfeng,Sokon K06
Dongfeng,Sokon K07
Dongfeng,Sokon K07 II
Dongfeng,Sokon K07S
Dongfeng,K17
Dongfeng,K32
Dongfeng,K33
Dongfeng,K39
Dongfeng,L60
Dongfeng,Aeolus L7
Dongfeng,Forthing Lingzhi M3
Dongfeng,Forthing Lingzhi M5
Dongfeng,Forthing Lingzhi Plus
Dongfeng,Forthing Lingzhi V3
Dongfeng,Forthing U-Tour M4 Yacht
Dongfeng,Forthing M6
Dongfeng,Forthing M7
Dongfeng,Aeolus Mage
Dongfeng,Mengshi
Dongfeng,Mengshi M-Hero Warrior 917
Dongfeng,Glory MINI EV
Dongfeng,Fengdu MX5
Dongfeng,Fengdu MX6
Dongfeng,Nammi 01
Dongfeng,Nammi 06
Dongfeng,Nano BOX
Dongfeng,Oting
Dongfeng,Yufeng P16
Dongfeng,Paladin
Dongfeng,Pickup
Dongfeng,Ruichi R5
Dongfeng,Rich 6
Dongfeng,Rich 7
Dongfeng,Rich Pickup
Dongfeng,Rich SUV
Dongfeng,Ruilida V5
Dongfeng,Ruilida V7
Dongfeng,Yufeng S16
Dongfeng,Fengshen S30
Dongfeng,Forthing S500
Dongfeng,Glory S560
Dongfeng,Forthing S60EV
Dongfeng,Forthing Xinghai S7
Dongfeng,Aeolus Sky EV01
Dongfeng,Succe
Dongfeng,Super cab
Dongfeng,SX5
Dongfeng,Forthing SX6
Dongfeng,SX6 Pro
Dongfeng,Forthing T1
Dongfeng,Forthing T5
Dongfeng,Forthing T5 EVO
Dongfeng,Forthing T5 Mach Edition
Dongfeng,Forthing T5 Prosperous Style
Dongfeng,Forthing T5L
Dongfeng,Forthing Thunder
Dongfeng,V07 S
Dongfeng,V21
Dongfeng,V22
Dongfeng,V27
Dongfeng,V29
Dongfeng,Forthing Xinghai U-Tour V9
Dongfeng,U-Vane
Dongfeng,U-Vane V9+
Dongfeng,Yumsun
Dorcen,E20
Dorcen,G60
Dorcen,G60E
Dorcen,G60S
Dorcen,G70S
Dorcen,T7PLUS
DR,1
DR,3
DR,4
DR,5
DR,6
DR,7
DR,City Cross
DR,DR1
DR,DR2
DR,DR3
DR,DR4
DR,DR5
DR,DR6
DR,Evo
DR,Evo5
DR,F35
DR,PK8
DR,Zero
DS,DS 3
DS,DS 3 Crossback
DS,DS 4
DS,DS 4 Crossback
DS,DS 4S
DS,DS 5
DS,DS 5LS
DS,DS 6
DS,DS 7
DS,DS 7 Crossback
DS,DS 9
e.GO,e.wave X
e.GO,Life
Eagle,Premier
Eagle,Summit
Eagle,Talon
Eagle,Vision
Eagle,Wagon
Elaris,Beo
Elaris,Caro
Elaris,Caro S
Elaris,DYO
Elaris,Finn
Elaris,Jaco
Elaris,Lenn
Elaris,Leo
Elaris,Pio
EMC,4
EMC,6
EMC,7
EMC,Wave 2
EMC,Wave 3
EMC,Yudo
Enovate,ME5
Enovate,ME7
Enranger,727
Enranger,737
Enranger,EX1
Enranger,G3
Enranger,G5
Everus,S1
Everus,VE-1
EVO,3
EVO,4
EVO,5
EVO,6
EVO,7
EVO,Cross 4
EVO,Electric
Evolute,i-JET
Evolute,i-JOY
Evolute,i-PRO
Evolute,i-SKY
Evolute,i-SPACE
Evolute,i-VAN
Exeed,LX
Exeed,RX
Exeed,Sterra ES
Exeed,Sterra ET
Exeed,TX
Exeed,TXL
Exeed,VX
Fangchengbao,Leopard 5
FAW,Bestune E01
FAW,Bestune Joy 03
FAW,Bestune M9
FAW,Bestune NAT
FAW,Bestune Pony
FAW,Bestune T90
FAW,Bestune B30
FAW,Bestune B50
FAW,Bestune B70
FAW,Bestune B70S
FAW,Bestune B90
FAW,Bestune T33
FAW,Bestune T55
FAW,Bestune T77
FAW,Bestune T77 Pro
FAW,Bestune T99
FAW,Bestune X40
FAW,Bestune X80
FAW,Junpai A50
FAW,Junpai A70
FAW,Junpai A70E
FAW,Junpai CX65
FAW,Junpai D60
FAW,Oley
FAW,Senia R9
FAW,T340
FAW,T50
FAW,T51
FAW,T57
FAW,T80
FAW,V2
FAW,V5
FAW,V52
FAW,V55
FAW,V70
FAW,V75
FAW,V77
FAW,V80
FAW,Vela
FAW,Vita
FAW,Vizi
FAW,Xenia M80
FAW,Sirius R7
FAW,Xenia S80
FAW,Xiali
FAW,Xiali N3
FAW,Xiali N5
FAW,Xiali N7
FAW Audi,A3
FAW Audi,A4
FAW Audi,A6
FAW Audi,A6 Allroad
FAW Audi,Q3
FAW Audi,Q5
FAW Audi,RS 3
FAW Audi,RS 4
FAW Audi,S4
FAW Mazda,Atenza
FAW Mazda,CX-4
FAW Mazda,CX-7
FAW Mazda,M6
FAW Mazda,M8
FAW Mazda,Mazda6
FAW Mazda,MX-5
FAW Toyota,Avalon
FAW Toyota,Corolla
FAW Toyota,Corolla EX
FAW Toyota,Crown
FAW Toyota,Izoa
FAW Toyota,Land Cruiser
FAW Toyota,Land Cruiser Prado
FAW Toyota,Prius
FAW Toyota,RAV4
FAW Toyota,Reiz
FAW Toyota,Terios
FAW Toyota,Vios
FAW Volkswagen,Bora
FAW Volkswagen,Bora Classic
FAW Volkswagen,C-Trek
FAW Volkswagen,Caddy
FAW Volkswagen,CC
FAW Volkswagen,Golf
FAW Volkswagen,Golf Sportsvan
FAW Volkswagen,Jetta
FAW Volkswagen,Magotan
FAW Volkswagen,Sagitar
FAW Volkswagen,T-Roc
FAW Volkswagen,Tacqua
FAW Volkswagen,Tayron
FAW Volkswagen,Tayron X
Ferrari,12Cilindri
Ferrari,12Cilindri Spider
Ferrari,296 GT3
Ferrari,296 GTB
Ferrari,296 GTS
Ferrari,348 GTB
Ferrari,348 GTS
Ferrari,348 Spider
Ferrari,348 tb
Ferrari,348 ts
Ferrari,360 Challenge Stradale
Ferrari,360 Modena
Ferrari,360 Spider
Ferrari,456
Ferrari,458 Italia
Ferrari,458 Speciale
Ferrari,458 Speciale A
Ferrari,458 Spider
Ferrari,488 GTB
Ferrari,488 Pista
Ferrari,488 Pista Spider
Ferrari,488 Spider
Ferrari,512 TR
Ferrari,550 Barchetta Pininfarina
Ferrari,550 Maranello
Ferrari,575M Maranello
Ferrari,575M Superamerica
Ferrari,599 GTB Fiorano
Ferrari,612 Scaglietti
Ferrari,812 Competizione
Ferrari,812 Competizione A
Ferrari,812 GTS
Ferrari,812 Superfast
Ferrari,California
Ferrari,California T
Ferrari,Daytona SP3
Ferrari,Enzo
Ferrari,F12 Berlinetta
Ferrari,F12tdf
Ferrari,F355 Berlinetta
Ferrari,F355 GTS
Ferrari,F355 Spider
Ferrari,F430
Ferrari,F430 Spider
Ferrari,F512 M
Ferrari,F8 Spider
Ferrari,F8 Tributo
Ferrari,F80
Ferrari,FF
Ferrari,GTC4Lusso
Ferrari,LaFerrari
Ferrari,LaFerrari Aperta
Ferrari,Monza SP1
Ferrari,Monza SP2
Ferrari,Portofino
Ferrari,Portofino M
Ferrari,Purosangue
Ferrari,Roma
Ferrari,Roma Spider
Ferrari,SF90 Spider
Ferrari,SF90 Stradale
Fiat,124
Fiat,124 Spider
Fiat,500
Fiat,500C
Fiat,500e
Fiat,500L
Fiat,500X
Fiat,595
Fiat,600
Fiat,600e
Fiat,695
Fiat,Albea
Fiat,Argo
Fiat,Avventura
Fiat,Barchetta
Fiat,Brava
Fiat,Bravo
Fiat,Cinquecento
Fiat,Coupe
Fiat,Croma
Fiat,Cronos
Fiat,Doblo
Fiat,Ducato
Fiat,E-Doblo
Fiat,E-Ulysse
Fiat,Egea
Fiat,Fastback
Fiat,Fiorino
Fiat,Freemont
Fiat,Fullback
Fiat,Grand Siena
Fiat,Grande Panda
Fiat,Grande Punto
Fiat,Idea
Fiat,Linea
Fiat,Marea
Fiat,Mille
Fiat,Mobi
Fiat,Multipla
Fiat,Ottimo
Fiat,Palio
Fiat,Palio Adventure
Fiat,Palio Weekend
Fiat,Panda
Fiat,Panda Cross
Fiat,Pandina
Fiat,Pratico
Fiat,Pulse
Fiat,Pulse Abarth
Fiat,Punto
Fiat,Punto Evo
Fiat,Qubo
Fiat,Ritmo
Fiat,Scudo
Fiat,Sedici
Fiat,Seicento
Fiat,Siena
Fiat,Siena EL
Fiat,Stilo
Fiat,Strada
Fiat,Talento
Fiat,Tempra
Fiat,Tipo
Fiat,Titano
Fiat,Topolino
Fiat,Toro
Fiat,Ulysse
Fiat,Uno
Fiat,Urban Cross
Fiat,Viaggio
Fisker,Karma
Fisker,Latigo CS
Fisker,Ocean
Fisker,Tramonto
Foday,Explorer II
Foday,Explorer III
Foday,Explorer 6
Foday,Landfort
Foday,Lion
Foday,Lion F16
Foday,Lion F22
Foday,Little Superman
Force,Citiline
Force,Gurkha
Force,Kargo King
Force,One
Force,Traveller
Force,Trax
Force,Urbania
Ford,Aerostar
Ford,Aspire
Ford,B-MAX
Ford,Bronco
Ford,Bronco II
Ford,Bronco Sport
Ford,C-MAX
Ford,Capri
Ford,Capri EV
Ford,Classic
Ford,Club Wagon
Ford,Contour
Ford,Cortina
Ford,Cougar
Ford,Courier
Ford,Crown Victoria
Ford,E-150 Econoline
Ford,E-250 Econoline
Ford,E-350 Econoline
Ford,E-Transit
Ford,EcoSport
Ford,Edge
Ford,Edge L
Ford,Edge Plus
Ford,Endeavour
Ford,Endura
Ford,Equator
Ford,Equator Sport
Ford,Escape
Ford,Escort
Ford,Escort ZX2
Ford,Everest
Ford,Evos
Ford,Excursion
Ford,Expedition
Ford,Explorer
Ford,Explorer EV
Ford,Explorer Sport Trac
Ford,F-100
Ford,F-150
Ford,F-150 Lightning
Ford,F-250
Ford,F-350
Ford,F-450 Super Duty
Ford,Fairlane
Ford,Fairmont
Ford,Falcon
Ford,Fiesta
Ford,Fiesta Active
Ford,Fiesta Classic
Ford,Fiesta Ikon
Ford,Figo
Ford,Five Hundred
Ford,Flex
Ford,Focus
Ford,Focus Active
Ford,Focus C-MAX
Ford,Focus Electric
Ford,Focus Shooting Brake
Ford,Freestar
Ford,Freestyle
Ford,Fusion
Ford,Galaxie 500
Ford,Galaxy
Ford,Gran Torino
Ford,Granada
Ford,Grand C-MAX
Ford,GT
Ford,Ikon
Ford,Ka
Ford,Ka Freestyle
Ford,Ka+
Ford,Ka+ Active
Ford,Kuga
Ford,Laser
Ford,Lobo
Ford,LTD
Ford,Maverick
Ford,Mondeo
Ford,Mondeo Sport
Ford,Mustang
Ford,Mustang Boss 302
Ford,Mustang Cobra
Ford,Mustang Mach 1
Ford,Mustang Mach-E
Ford,Mustang Shelby GT350
Ford,Mustang Shelby GT500
Ford,Orion
Ford,P100
Ford,Probe
Ford,Puma
Ford,Ranchero
Ford,Ranger
Ford,S-MAX
Ford,Scorpio
Ford,Sierra
Ford,SportKa
Ford,StreetKa
Ford,Taurus
Ford,Taurus SHO
Ford,Taurus X
Ford,Territory
Ford,Thunderbird
Ford,Tourneo
Ford,Tourneo Connect
Ford,Tourneo Courier
Ford,Tourneo Custom
Ford,Transit
Ford,Transit 150
Ford,Transit 250
Ford,Transit 350
Ford,Transit 350 HD
Ford,Transit Connect
Ford,Transit Courier
Ford,Transit Custom
Ford,Transit T8
Ford,Windstar
Forthing,Friday
Forthing,Lingzhi M5
Forthing,Lingzhi Plus
Forthing,U-Tour M4 Yacht
Forthing,M7
Forthing,Joyear S50EV
Forthing,S7
Forthing,T5
Forthing,T5 EVO
Forthing,T5 HEV
Forthing,T5 Mach Edition
Forthing,T5 Prosperous Style
Forthing,T5L
Forthing,V9
Foton,Conqueror
Foton,Conqueror 3
Foton,Conqueror 5
Foton,Conqueror 7
Foton,Conqueror Plus
Foton,G7
Foton,G9
Foton,Gratour
Foton,Gratour GT
Foton,Gratour im6
Foton,Gratour im8
Foton,Gratour ix5
Foton,Gratour ix7
Foton,Gratour T3
Foton,Gratour V3
Foton,Gratour V5
Foton,Harabas TM300
Foton,Mars 7
Foton,Mars 9
Foton,Midi
Foton,MPX
Foton,MPX S
Foton,Sauvana
Foton,Sup
Foton,Thunder
Foton,TM3
Foton,TM5
Foton,Toano
Foton,Toplander
Foton,Transvan
Foton,Tunland
Foton,Tunland E3
Foton,Tunland E5
Foton,Tunland E7
Foton,Tunland G7
Foton,Tunland G9
Foton,Tunland S
Foton,Tunland Shengtu
Foton,Tunland V7
Foton,Tunland V9
Foton,Tunland Yutu
Foton,V
Foton,V7
Foton,V9
Foton,View
Foton,View CS2
Foton,View G5
Foton,View G7
Foton,View G9
GAC,Emkoo
GAC,Empow
GAC,Emzoom
GAC,GA4 Plus
GAC,GN6
GAC,GN8
GAC,GS3 Power
GAC,GS4 Coupe
GAC,GS4 Plus
GAC,GS4 Power
GAC,GS8S
GAC,M6
GAC,M6 Max
GAC,M6 Pro
GAC,M8
GAC,Qizhi
GAC,E8
GAC,E9
GAC,ES9
GAC,GA3
GAC,GA3S
GAC,GA4
GAC,GA5
GAC,GA6
GAC,GA8
GAC,GE3
GAC,GM8
GAC,GS3
GAC,GS4
GAC,Trumpchi GS4 Max
GAC,GS5
GAC,GS5 Sport
GAC,GS5 Super
GAC,GS7
GAC,GS8
GAC,Trumpchi S7
GAC Fiat,500
GAC Fiat,Freemont
GAC Fiat,Ottimo
GAC Fiat,Viaggio
GAC Honda,Accord
GAC Honda,Avancier
GAC Honda,Breeze
GAC Honda,City
GAC Honda,City Classic
GAC Honda,CR-Z
GAC Honda,Crider
GAC Honda,Crosstour
GAC Honda,Fit
GAC Honda,Odyssey
GAC Honda,Sidi
GAC Honda,VE-1
GAC Honda,Vezel
GAC Toyota,Alphard
GAC Toyota,C-HR
GAC Toyota,Camry
GAC Toyota,E'Z
GAC Toyota,Highlander
GAC Toyota,iA5
GAC Toyota,Levin
GAC Toyota,Wildlander
GAC Toyota,Yaris
GAC Toyota,Yaris L
GAC Toyota,Yaris L enjoy
GAC Toyota,Yaris L X
Galaxy,E5
Galaxy,E8
Galaxy,L6
Galaxy,L7
GAZ,Gazelle
GAZ,Gazelle Business
GAZ,Gazelle City
GAZ,Gazelle Next
GAZ,Gazelle NN
GAZ,Sobol
GAZ,Sobol Business
GAZ,Sobol NN
GAZ,Volga
GAZ,Volga Siber
Geely,Atlas
Geely,Atlas Pro
Geely,Azkarra
Geely,Binrui
Geely,Binrui Cool
Geely,Binyue
Geely,Binyue Cool
Geely,Binyue L
Geely,Borui
Geely,Borui GE
Geely,Boyue
Geely,Boyue Cool
Geely,Boyue L
Geely,Boyue X
Geely,Chinese Dragon
Geely,Cityray
Geely,CK
Geely,Coolray
Geely,Coolray Lite
Geely,Cowboy
Geely,E8
Geely,Emgrand EC7
Geely,Emgrand
Geely,Emgrand 7
Geely,Emgrand 8 / EC8
Geely,Emgrand EV
Geely,Emgrand EVPRO
Geely,Emgrand GL
Geely,Emgrand GS
Geely,Emgrand GSe
Geely,Emgrand GT
Geely,Emgrand L
Geely,Emgrand S
Geely,Emgrand X7 Sport
Geely,Englon C5
Geely,Englon TX4
Geely,EX5
Geely,Emgrand X7
Geely,Farizon SV
Geely,FC
Geely,GC 515
Geely,GC2
Geely,GC5
Geely,GC6
Geely,GC7
Geely,GC9
Geely,Geometry C
Geely,Geometry E
Geely,Golden Eagle
Geely,GX2
Geely,GX3
Geely,GX3 Pro
Geely,GX7
Geely,GX9
Geely,Haoyue L
Geely,Haoyue Pro
Geely,Icon
Geely,Jiaji
Geely,LC
Geely,LC Cross
Geely,MK
Geely,MK Cross
Geely,Monjaro
Geely,Mybo
Geely,Okavango
Geely,Otaka
Geely,Panda Mini
Geely,Preface
Geely,Riddara
Geely,SC3
Geely,SC5-RV
Geely,SC6
Geely,SC7 
Geely,Star Wish
Geely,Starray
Geely,SX7
Geely,Tugella
Geely,Uliou
Geely,Vision
Geely,Vision S1
Geely,Vision SUV
Geely,Vision X1
Geely,Vision X3
Geely,Vision X6
Geely,Vision X6 Pro
Geely,Xingrui L
Geely,Xingyue L
Geely,Xingyue L Zhiqing
Genesis,EQ900
Genesis,G70
Genesis,G80
Genesis,G90
Genesis,GV60
Genesis,GV70
Genesis,GV80
GEO,Metro
GEO,Prizm
GEO,Spectrum
GEO,Storm
GEO,Storm GCI
GEO,Tracker
Geometry,A
Geometry,A Pro
Geometry,C
Geometry,E
Geometry,e225
Geometry,EX3
Geometry,G6
Geometry,M6
Geometry,Panda Knight
Geometry,Panda Mini
GMC,Acadia
GMC,Acadia Limited
GMC,Canyon
GMC,Envoy
GMC,Hummer EV
GMC,Jimmy
GMC,Jimmy K5
GMC,Safari
GMC,Savana 1500
GMC,Savana 2500
GMC,Savana 3500
GMC,Sierra 1500
GMC,Sierra 1500 Classic
GMC,Sierra 1500 Limited
GMC,Sierra 2500HD
GMC,Sierra 2500HD Classic
GMC,Sierra 3500HD
GMC,Sierra 3500 Classic
GMC,Sierra EV
GMC,Sonoma
GMC,Suburban 1500
GMC,Suburban 2500
GMC,Syclone
GMC,Terrain
GMC,Typhoon
GMC,Yukon
GMC,Yukon XL
GMC,Yukon XL 1500
GMC,Yukon XL 2500
Great Wall (GWM),Artillery
Great Wall (GWM),C30
Great Wall (GWM),Cannon
Great Wall (GWM),Cannon Alpha
Great Wall (GWM),Coolbear
Great Wall (GWM),Cowry
Great Wall (GWM),Deer
Great Wall (GWM),Florid
Great Wall (GWM),Hover
Great Wall (GWM),Haval H3
Great Wall (GWM),Haval H5
Great Wall (GWM),Haval H6
Great Wall (GWM),Hover M1
Great Wall (GWM),Hover M2
Great Wall (GWM),King Kong Cannon
Great Wall (GWM),M4
Great Wall (GWM),Ora
Great Wall (GWM),Ora 03
Great Wall (GWM),Ora 03 GT
Great Wall (GWM),Ora 07
Great Wall (GWM),P-Series
Great Wall (GWM),P300
Great Wall (GWM),P500
Great Wall (GWM),Pao
Great Wall (GWM),Pegasus
Great Wall (GWM),Peri
Great Wall (GWM),Phenom
Great Wall (GWM),Poer
Great Wall (GWM),Poer King Kong
Great Wall (GWM),Poer Sahar
Great Wall (GWM),Safe
Great Wall (GWM),Sailor
Great Wall (GWM),Shanhai Cannon
Great Wall (GWM),Sing
Great Wall (GWM),Socool
Great Wall (GWM),Steed
Great Wall (GWM),Steed 5
Great Wall (GWM),Steed 6
Great Wall (GWM),Ute
Great Wall (GWM),V80
Great Wall (GWM),Voleex C20R
Great Wall (GWM),Voleex C30
Great Wall (GWM),Voleex C50
Great Wall (GWM),Wey 03
Great Wall (GWM),Wey 05
Great Wall (GWM),Wey 07
Great Wall (GWM),Wey 80
Great Wall (GWM),Wingle
Great Wall (GWM),Wingle 3
Great Wall (GWM),Wingle 5
Great Wall (GWM),Wingle 6
Great Wall (GWM),Wingle 7
Haima,6P
Haima,7
Haima,7X
Haima,7X-E
Haima,8S
Haima,Aishang EV
Haima,E3
Haima,F5
Haima,F7
Haima,Freema
Haima,Haima2
Haima,Haima3
Haima,Happin
Haima,Huandong
Haima,M1
Haima,M11
Haima,M3
Haima,M5
Haima,M6
Haima,M8
Haima,S5
Haima,S7
Haima,V70
Haima,Z1
Haval,Red Rabbit
Haval,Dargo
Haval,Dargo X
Haval,F5
Haval,F7
Haval,F7x
Haval,H1
Haval,H2
Haval,H2s
Haval,H3
Haval,H4
Haval,H5
Haval,H6
Haval,H6 China-Chic Edition
Haval,H6 Coupe
Haval,H6 Sport
Haval,H6 GT
Haval,H6S
Haval,H7
Haval,H7L
Haval,H8
Haval,H9
Haval,Jolion
Haval,Jolion Pro
Haval,Jolion S
Haval,Cool Dog
Haval,M6
Haval,M6 Plus
Haval,Raptor
Haval,Beast
Haval,Xiaolong
Haval,Xiaolong Max
Hawtai,B11
Hawtai,B21
Hawtai,Boliger
Hawtai,E70
Hawtai,E80
Hawtai,Laville
Hawtai,S1
Hawtai,S5
Hawtai,Santa Fe
Hawtai,Santa Fe 2
Hawtai,Santa Fe 5
Hawtai,Santa Fe 7
Hawtai,Santa Fe Classic
Hawtai,Terracan
Hindustan,Ambassador
Hindustan,Contessa
Hindustan,Winner
HiPhi,X
HiPhi,Y
HiPhi,Z
Holden,Acadia
Holden,Adventra
Holden,Apollo
Holden,Astra
Holden,Astra GTC
Holden,Astra VXR
Holden,Barina
Holden,Barina Spark
Holden,Caprice
Holden,Captiva
Holden,Captiva 5
Holden,Captiva 7
Holden,Cascada
Holden,Colorado
Holden,Colorado 7
Holden,Commodore
Holden,Crewman
Holden,Cruze
Holden,Equinox
Holden,Frontera
Holden,Insignia VXR
Holden,Jackaroo
Holden,Malibu
Holden,Monaro
Holden,One Tonner
Holden,Rodeo
Holden,Spark
Holden,Suburban
Holden,Tigra
Holden,Trailblazer
Holden,Trax
Holden,Ute
Holden,Vectra
Holden,Viva
Holden,Volt
Holden,Zafira
Honda,Accord
Honda,Accord Aerodeck
Honda,Accord Crosstour
Honda,Accord Euro
Honda,Accord Inspire
Honda,Acty Truck
Honda,Acty
Honda,Airwave
Honda,Amaze
Honda,Ascot
Honda,Ascot Innova
Honda,Avancier
Honda,Ballade
Honda,Beat
Honda,BR-V
Honda,Breeze
Honda,Brio
Honda,Brio Amaze
Honda,Capa
Honda,City
Honda,Civic
Honda,Civic 5d
Honda,Civic del Sol
Honda,Civic Ferio
Honda,Civic Shuttle
Honda,Civic Type R
Honda,Clarity
Honda,Concerto
Honda,CR-V
Honda,CR-X
Honda,CR-X del Sol
Honda,CR-Z
Honda,Crider
Honda,Crossroad
Honda,Crosstour
Honda,Del Sol
Honda,Domani
Honda,e
Honda,e:N1
Honda,e:NP1
Honda,e:NS1
Honda,e:NS2
Honda,e:Ny1
Honda,Edix
Honda,Element
Honda,Elevate
Honda,Elysion
Honda,Elysion Prestige
Honda,Envix
Honda,FCX Clarity
Honda,Fit
Honda,Fit Aria
Honda,Fit Shuttle
Honda,FR-V
Honda,Freed
Honda,Freed+
Honda,Freed Spike
Honda,Gienia
Honda,Grace
Honda,Greiz
Honda,Horizon
Honda,HR-V
Honda,Insight
Honda,Insight Exclusive
Honda,Inspire
Honda,Integra
Honda,Integra SJ
Honda,Integra Type S
Honda,Jade
Honda,Jazz
Honda,Jazz Crosstar
Honda,Lagreat
Honda,Legend
Honda,Life
Honda,Life Dunk
Honda,Logo
Honda,M-NV
Honda,MDX
Honda,Mobilio
Honda,Mobilio Spike
Honda,MR-V
Honda,N-BOX
Honda,N-BOX Custom
Honda,N-BOX+
Honda,N-BOX+ Custom
Honda,N-BOX Slash
Honda,N-ONE
Honda,N-ONE-e
Honda,N-VAN
Honda,N-WGN
Honda,N-WGN Custom
Honda,NSX
Honda,Odyssey
Honda,Odyssey J
Honda,Odyssey Prestige
Honda,Orthia
Honda,Partner
Honda,Passport
Honda,Pilot
Honda,Prelude
Honda,Prelude INX
Honda,Prologue
Honda,Rafaga
Honda,Ridgeline
Honda,S-MX
Honda,S2000
Honda,S660
Honda,S7
Honda,Saber
Honda,Shuttle
Honda,Spirior
Honda,Stepwgn
Honda,Stepwgn Spada
Honda,Stream
Honda,Street
Honda,That's
Honda,Today
Honda,Today Associe
Honda,Torneo
Honda,UR-V
Honda,Vamos
Honda,Vamos Hobio
Honda,VE-1
Honda,Vezel
Honda,Vigor
Honda,WR-V
Honda,XR-V
Honda,Z
Honda,Zest
Honda,Zest Spark
Honda,ZR-V
Hongqi,E-HS3
Hongqi,E-HS9
Hongqi,E-QM5
Hongqi,EH7
Hongqi,EHS7
Hongqi,Guoyao
Hongqi,H5
Hongqi,H6
Hongqi,H7
Hongqi,H9
Hongqi,HQ3
Hongqi,HQ9
Hongqi,HS3
Hongqi,HS5
Hongqi,HS7
Hongqi,Guoli L5
Hongqi,LS7
Hongqi,Mingshi
Hongqi,Ousado
Hongqi,Tiangong 05
Hongqi,Tiangong 06
Hongqi,Tiangong 08
Huanghai,N1
Huanghai,N1s
Huanghai,N2
Huanghai,N3
Huanghai,N7
Huanghai,N2S
Huanghai,Ruitu
Huansu,H2
Huansu,H3
Huansu,H3F
Huansu,H5
Huansu,H6
Huansu,S2
Huansu,S3
Huansu,S3L
Huansu,S5
Huansu,S6
Huansu,S7
Huasong,Huasong7
Hummer,H1
Hummer,H2
Hummer,H3
Hummer,H3T
Hycan,7
Hycan,A06
Hycan,A06 Plus
Hycan,V09
Hycan,Z03
Hyundai,Accent
Hyundai,Alcazar
Hyundai,Amica
Hyundai,Aslan
Hyundai,Atos
Hyundai,Atos Prime
Hyundai,Aura
Hyundai,Avante
Hyundai,Avante N
Hyundai,Azera
Hyundai,Bayon
Hyundai,Casper
Hyundai,Casper Electric
Hyundai,Celesta
Hyundai,Centennial
Hyundai,Click
Hyundai,Coupe
Hyundai,Creta
Hyundai,Creta Grand
Hyundai,Custin
Hyundai,Custo
Hyundai,Dynasty
Hyundai,Elantra
Hyundai,Elantra EV
Hyundai,Elantra GT
Hyundai,Elantra HD
Hyundai,Elantra Langdong
Hyundai,Elantra LaVita
Hyundai,Elantra Lingdong
Hyundai,Elantra N
Hyundai,Elantra Touring
Hyundai,Elantra Yuedong
Hyundai,Elite i20
Hyundai,Encino
Hyundai,Entourage
Hyundai,Eon
Hyundai,Equus
Hyundai,Excel
Hyundai,Exter
Hyundai,Galloper
Hyundai,Genesis
Hyundai,Genesis Coupe
Hyundai,Getz
Hyundai,Grand Creta
Hyundai,Grand i10
Hyundai,Grand i10 Nios
Hyundai,Grand Santa Fe
Hyundai,Grand Starex
Hyundai,Grandeur
Hyundai,H-100
Hyundai,H-1
Hyundai,H300
Hyundai,H350
Hyundai,HB20
Hyundai,HB20S
Hyundai,HB20X
Hyundai,HR
Hyundai,i10
Hyundai,i20
Hyundai,i20 Active
Hyundai,i20 Coupe
Hyundai,i20 N
Hyundai,i25
Hyundai,i30
Hyundai,i30 Fastback
Hyundai,i30 Fastback N
Hyundai,i30 N
Hyundai,i30 Sedan
Hyundai,i30 Sedan N
Hyundai,i40
Hyundai,i45
Hyundai,i800
Hyundai,iLoad
Hyundai,iMax
Hyundai,Inster
Hyundai,IONIQ
Hyundai,IONIQ 5
Hyundai,IONIQ 5 N
Hyundai,Ioniq 6
Hyundai,IONIQ 9
Hyundai,ix20
Hyundai,ix25
Hyundai,ix35
Hyundai,ix55
Hyundai,JM
Hyundai,Kauai
Hyundai,Kona
Hyundai,Kona N
Hyundai,Lafesta
Hyundai,Lantra
Hyundai,Lavita
Hyundai,Matrix
Hyundai,Maxcruz
Hyundai,Mighty
Hyundai,Mistra
Hyundai,Mufasa
Hyundai,Nexo
Hyundai,NF
Hyundai,Palisade
Hyundai,Pony
Hyundai,Porter
Hyundai,Reina
Hyundai,Santa Cruz
Hyundai,Santa Fe
Hyundai,Santa Fe Classic
Hyundai,Santa Fe Sport
Hyundai,Santa Fe XL
Hyundai,Santro
Hyundai,Santro Xing
Hyundai,Santro Zip
Hyundai,Solaris
Hyundai,Solati
Hyundai,Sonata
Hyundai,Sonata Hybrid
Hyundai,ST1
Hyundai,Starex
Hyundai,Stargazer
Hyundai,Stargazer X
Hyundai,Staria
Hyundai,Terracan
Hyundai,Tiburon
Hyundai,Tiburon Turbulence
Hyundai,Trajet
Hyundai,Tucson
Hyundai,Tucson L
Hyundai,Tuscani
Hyundai,Veloster
Hyundai,Veloster N
Hyundai,Venue
Hyundai,Veracruz
Hyundai,Verna
Hyundai,Verna RV
Hyundai,Xcent
Hyundai,XG
Hyundai,XG300
Hyundai,XG350
iCar,3
ICH-X,K2
ICH-X,K3
IM,L6
IM,L7
IM,LS6
IM,LS7
Ineos,Grenadier
Infiniti,ESQ
Infiniti,EX
Infiniti,FX
Infiniti,G
Infiniti,I
Infiniti,J30
Infiniti,JX35
Infiniti,M
Infiniti,Q30
Infiniti,Q40
Infiniti,Q45
Infiniti,Q50
Infiniti,Q50L
Infiniti,Q60
Infiniti,Q70
Infiniti,Q70L
Infiniti,QX30
Infiniti,QX4
Infiniti,QX50
Infiniti,QX55
Infiniti,QX56
Infiniti,QX60
Infiniti,QX70
Infiniti,QX80
Iran Khodro,Arisun
Iran Khodro,Dena
Iran Khodro,Dena+
Iran Khodro,Runna
Iran Khodro,Runna+
Iran Khodro,Samand
Iran Khodro,Soren
Iran Khodro,Soren+
Iran Khodro,Tara
Isuzu,Alterra
Isuzu,Amigo
Isuzu,Ascender
Isuzu,Aska
Isuzu,Axiom
Isuzu,Bighorn
Isuzu,Como
Isuzu,Crosswind
Isuzu,D-MAX
Isuzu,Fargo
Isuzu,Faster
Isuzu,Filly
Isuzu,Florian Aska
Isuzu,Gemini
Isuzu,Hi-Lander
Isuzu,Hombre
Isuzu,i-Series
Isuzu,Impulse
Isuzu,KB
Isuzu,Lingtuo
Isuzu,MU
Isuzu,MU-7
Isuzu,MU Wizard
Isuzu,mu-X
Isuzu,Oasis
Isuzu,Pa Nero
Isuzu,Panther
Isuzu,Piazza
Isuzu,Pickup
Isuzu,Rodeo
Isuzu,Rodeo Sport
Isuzu,Ruimai
Isuzu,Ruimai Classic
Isuzu,Ruimai S
Isuzu,Stylus
Isuzu,Traga
Isuzu,Traviz
Isuzu,Trooper
Isuzu,VehiCROSS
Isuzu,Wizard
Isuzu,Wizard Alive
Iveco,Daily
Iveco,eDaily
JAC,2
JAC,4
JAC,6
JAC,8
JAC,A13
JAC,A13RS
JAC,Heyue A30
JAC,Jiayue A5
JAC,A5 Plus
JAC,E-JV5.5
JAC,E-JV7L
JAC,E10X
JAC,E30X
JAC,E40X
JAC,Frison T6
JAC,Frison T8
JAC,Frison T9
JAC,iC5
JAC,iEV
JAC,iEV20
JAC,iEV330P
JAC,iEV40
JAC,iEV6E
JAC,iEV6S
JAC,iEV750V
JAC,iEV7L
JAC,iEV7S
JAC,iEVA50
JAC,iEVS4
JAC,J2
JAC,J3 (Tojoy)
JAC,J4
JAC,J5
JAC,J6
JAC,J7
JAC,J7 Plus
JAC,Journey
JAC,JS1
JAC,JS2
JAC,JS2 Pro
JAC,JS3
JAC,JS4
JAC,JS5
JAC,JS6
JAC,JS8
JAC,JS8 Pro
JAC,K3
JAC,K5
JAC,Ling Ling
JAC,M2
JAC,M3
JAC,M4
JAC,N35
JAC,QX
JAC,Refine
JAC,Refine A60
JAC,Refine E3
JAC,Refine E4
JAC,Refine L5
JAC,Refine L6 Max
JAC,Refine M3
JAC,Refine M3 Plus
JAC,Refine M4
JAC,Refine M5
JAC,Refine M6
JAC,Refine R3
JAC,Refine RF8
JAC,Refine S2
JAC,Refine S2 Mini
JAC,Refine S4
JAC,Rein
JAC,Reni
JAC,S1
JAC,S2
JAC,S3
JAC,S3 Pro
JAC,S4
JAC,S5
JAC,S7
JAC,Sei 2
JAC,Sei 3
JAC,Sei 3 Pro
JAC,Sei 4 Pro
JAC,Sei 6 Pro
JAC,Sei 7 Pro
JAC,Shuailing T8
JAC,Sunray
JAC,Sunray City
JAC,T40
JAC,T50
JAC,T6
JAC,T60
JAC,T8
JAC,T8 Pro
JAC,T80
JAC,T9
JAC,V260
JAC,V7
JAC,X200
JAC,X30
JAC,Jiayue X4
JAC,Jiayue X7
JAC,X8 Plus
JAC,X8E
JAC,Ytterby
Jaecoo,7
Jaecoo,J7
Jaecoo,J8
Jaguar,E-Pace
Jaguar,E-Type
Jaguar,F-Pace
Jaguar,F-Type
Jaguar,I-Pace
Jaguar,S-Type
Jaguar,X-Type
Jaguar,XE
Jaguar,XEL
Jaguar,XF
Jaguar,XFL
Jaguar,XJ
Jaguar,XJ220
Jaguar,XJS
Jaguar,XK
Jeep,Avenger
Jeep,Cherokee
Jeep,CJ
Jeep,Comanche
Jeep,Commander
Jeep,Compass
Jeep,Gladiator
Jeep,Grand Cherokee
Jeep,Grand Cherokee L
Jeep,Grand Commander
Jeep,Grand Wagoneer
Jeep,Grand Wagoneer L
Jeep,JT
Jeep,Liberty
Jeep,Meridian
Jeep,Patriot
Jeep,Renegade
Jeep,Wagoneer
Jeep,Wagoneer L
Jeep,Wagoneer S
Jeep,Wrangler
Jetour,Dashing
Jetour,Ice Cream
Jetour,L6
Jetour,L7
Jetour,L9
Jetour,T1
Jetour,T2
Jetour,Traveler
Jetour,X50
Jetour,X70
Jetour,X70 Coupe
Jetour,X70 Plus
Jetour,X70 Pro
Jetour,X70 Zhuge
Jetour,X70M
Jetour,X70S
Jetour,X90
Jetour,X90 Plus
Jetour,X90 Pro
Jetour,X90 Zilong
Jetour,X95
Jetta,VA3
Jetta,VA7
Jetta,VS5
Jetta,VS7
Jinbei,750
Jinbei,A7
Jinbei,A9
Jinbei,Brontosaurus
Jinbei,Cowboy
Jinbei,Express
Jinbei,F50
Jinbei,Golden
Jinbei,Grace
Jinbei,Guanjing
Jinbei,H2L
Jinbei,Haise
Jinbei,Hercules
Jinbei,Hercules K5
Jinbei,Konect
Jinbei,S30
Jinbei,S35
Jinbei,S50
Jinbei,S70
Jinbei,Small Taurus
Jinbei,T20
Jinbei,T22
Jinbei,T30
Jinbei,T32
Jinbei,T50
Jinbei,T52
Jinbei,X30
Jinbei,X30L
Jiyue,1
Jiyue,7
JMC,Baodian
JMC,Baowei
JMC,Dadao
JMC,E-Fushun
JMC,E-Lushun
JMC,EV Black
JMC,Fushun
JMC,Grand Avenue
JMC,Qiling T3
JMC,Qiling T5
JMC,Qiling T7
JMC,S350
JMC,T100
JMC,Teshun
JMC,Touring
JMC,Transporter
JMC,Vigus
JMC,Vigus Plus
JMC,Vigus Pro
JMC,Yuhu
JMC,Yusheng S330
JMC,Yusheng S350
JMEV,E100
JMEV,E160
JMEV,E200L
JMEV,E200N
JMEV,E200S
JMEV,E400
JMEV,Elight
JMEV,EV2
JMEV,EV3
JMEV,EX5
Kaiyi,E5
Kaiyi,X7 Kunlun
Kaiyi,X7 Kunlun iHD
Kaiyi,E-Qute 02
Kaiyi,E-Qute 04
Kaiyi,Showjet
Kaiyi,Showjet Pro
Kaiyi,V7
Kaiyi,X3
Kaiyi,X3 Pro
Kaiyi,Xuandu
Kaiyi,Xuandu EV
Karry,Dolphin
Karry,Elephant
Karry,Jiangtun
Karry,K50
Karry,K60
Karry,Q22
Karry,Q22L
Karry,X6
Karry,Yoki
Karry,Youjin
Karry,Youjin EV
Karry,Youyou
Keyton,7
Keyton,EX50
Keyton,EX7
Keyton,EX80
Keyton,L7
Keyton,M50
Keyton,M70
Keyton,M70L
Keyton,M80
Keyton,N30
Keyton,N50
Keyton,N55
Keyton,N60
Keyton,V60
KGM,Action
KGM,Korando
KGM,Musso
KGM,Musso EV
KGM,Musso Grand
KGM,Musso Khan
KGM,Musso Sports
KGM,Rexton
KGM,Tivoli
KGM,Torres
KGM,Torres EVX
KGM,XLV
Kia,300E
Kia,Amanti
Kia,Avella
Kia,Besta
Kia,Bongo
Kia,Borrego
Kia,Cadenza
Kia,Capital
Kia,Carens
Kia,Carens Clavis
Kia,Carnival
Kia,Carstar
Kia,Cee'd
Kia,Ceed
Kia,Cerato
Kia,Cerato Classic
Kia,Cerato K3
Kia,Cerato Koup
Kia,Cerato Vivro
Kia,Clarus
Kia,Credos
Kia,Elan
Kia,Enterprise
Kia,EV3
Kia,EV4
Kia,EV5
Kia,EV6
Kia,EV9
Kia,Forte
Kia,Forte Koup
Kia,Forte R
Kia,Forte5
Kia,Frontier
Kia,Grand Carnival
Kia,Joice
Kia,K2
Kia,K2500
Kia,K2700
Kia,K3
Kia,K3 Cross
Kia,K3 GT
Kia,K3 Koup
Kia,K3000
Kia,K4
Kia,K4 Cachet
Kia,K5
Kia,K7
Kia,K8
Kia,K9
Kia,K900
Kia,KX cross
Kia,KX1
Kia,KX3
Kia,KX5
Kia,KX7
Kia,Lotze
Kia,Magentis
Kia,Mentor
Kia,Mohave
Kia,Morning
Kia,Morning X-Line
Kia,Niro
Kia,Niro Plus
Kia,Opirus
Kia,Optima
Kia,Pegas
Kia,Picanto
Kia,Picanto Cross
Kia,Picanto X-Line
Kia,Potentia
Kia,Pregio
Kia,Pride
Kia,pro_Cee'd
Kia,ProCeed
Kia,PV5
Kia,Quoris
Kia,Ray
Kia,Retona
Kia,Rio
Kia,Rio Cross
Kia,Rio X
Kia,Rio X-Line
Kia,Rio5
Kia,Roadster
Kia,Rondo
Kia,Sedona
Kia,Seltos
Kia,Sephia
Kia,Shuma
Kia,Soluto
Kia,Sonet
Kia,Sorento
Kia,Sorento L
Kia,Sorento Prime
Kia,Soul
Kia,Spectra
Kia,Spectra Wing
Kia,Spectra5
Kia,Sportage
Kia,Sportage Ace
Kia,Sportage R
Kia,Stinger
Kia,Stonic
Kia,Tasman
Kia,Telluride
Kia,Tonic
Kia,Towner
Kia,Venga
Kia,Vigato
Kia,Visto
Kia,X-Trek
Kia,XCeed
King Long,Ibhubezi
King Long,Jinwei
King Long,Kaige
King Long,Kairui Haoke
King Long,Kaite
King Long,Kingo
King Long,Kingry
King Long,Kingte
King Long,Kingwin
King Long,KL8
King Long,Longyao 6
King Long,Longyao 8
King Long,Makoya
King Long,Max
King Long,Univan
Knewstar,1
LADA,110
LADA,111
LADA,112
LADA,1200
LADA,1200DL
LADA,1300
LADA,1300SL
LADA,1500
LADA,2104
LADA,2105
LADA,2107
LADA,2108
LADA,2109
LADA,21099
LADA,Niva II
LADA,4X4
LADA,4x4 Bronto
LADA,4x4 Urban
LADA,Aura
LADA,Fora
LADA,Granta
LADA,Granta Cross
LADA,Granta Sport
LADA,Iskra
LADA,Iskra SW
LADA,Iskra SW Cross
LADA,Kalina
LADA,Kalina Cross
LADA,Kalina Sport
LADA,Largus
LADA,Largus Cross
LADA,Nadezhda
LADA,Niva
LADA,Niva Bronto
LADA,Niva Legend
LADA,Niva Travel
LADA,Nova
LADA,Priora
LADA,Riva
LADA,Samara
LADA,Taiga
LADA,Vesta
LADA,Vesta Cross
LADA,Vesta Sport
LADA,Vesta SW
LADA,Vesta SW Cross
LADA,XRAY
LADA,XRAY Cross
Lamborghini,Aventador
Lamborghini,Centenario
Lamborghini,Countach
Lamborghini,Diablo
Lamborghini,Diablo Roadster
Lamborghini,Gallardo
Lamborghini,Huracan
Lamborghini,Murcielago
Lamborghini,Reventon
Lamborghini,Revuelto
Lamborghini,Sian
Lamborghini,Temerario
Lamborghini,Urus
Lancia,A 112
Lancia,Beta
Lancia,Dedra
Lancia,Delta
Lancia,Flavia
Lancia,Fulvia
Lancia,Gamma
Lancia,Hyena
Lancia,Kappa
Lancia,Lybra
Lancia,Montecarlo
Lancia,Musa
Lancia,Phedra
Lancia,Prisma
Lancia,Thema
Lancia,Thesis
Lancia,Trevi
Lancia,Voyager
Lancia,Y
Lancia,Y10
Lancia,Ypsilon
Lancia,Zeta
Land Rover,Defender
Land Rover,Discovery 1
Land Rover,Discovery 2
Land Rover,Discovery 3
Land Rover,Discovery 4
Land Rover,Discovery 5
Land Rover,Discovery Sport
Land Rover,Freelander
Land Rover,Freelander 2
Land Rover,LR2
Land Rover,LR3
Land Rover,LR4
Land Rover,Range Rover
Land Rover,Range Rover Evoque
Land Rover,Range Rover Evoque L
Land Rover,Range Rover Sport
Land Rover,Range Rover Velar
Landwind,Fashion CV9
Landwind,Forward CV7
Landwind,Rongyao
Landwind,X2
Landwind,X5
Landwind,X6
Landwind,X7
Landwind,X8
Landwind,X9
Landwind,Xiaoyao
LDV,D90
LDV,Deliver 7
LDV,Deliver 9
LDV,eDeliver 3
LDV,eDeliver 7
LDV,eDeliver 9
LDV,eT60
LDV,EV30
LDV,EV80
LDV,G10
LDV,Mifa People Mover
LDV,Mifa 9
LDV,T60
LDV,V80
Leapmotor,C01
Leapmotor,C10
Leapmotor,C11
Leapmotor,C16
Leapmotor,S01
Leapmotor,T03
LEVC,TX
LEVC,VN5
Lexus,CT
Lexus,ES
Lexus,GS
Lexus,GS F
Lexus,GX
Lexus,HS
Lexus,IS
Lexus,IS C
Lexus,IS F
Lexus,LBX
Lexus,LC
Lexus,LFA
Lexus,LM
Lexus,LS
Lexus,LX
Lexus,NX
Lexus,RC
Lexus,RC F
Lexus,RX
Lexus,RZ
Lexus,SC
Lexus,TX
Lexus,UX
Li,L6
Li,L7
Li,L8
Li,L9
Li,Mega
Li,One
Lifan,320
Lifan,330
Lifan,520
Lifan,530
Lifan,620
Lifan,630
Lifan,650
Lifan,720
Lifan,820
Lifan,Breez
Lifan,Cebrium
Lifan,Celliya
Lifan,Fengshun
Lifan,Foison
Lifan,Fushun
Lifan,Lotto
Lifan,M7
Lifan,Murman
Lifan,Myway
Lifan,Smily
Lifan,Solano
Lifan,T11
Lifan,T21
Lifan,X50
Lifan,X60
Lifan,X7
Lifan,X70
Lifan,X80
Lifan,Xingshun
Ligier,JS50
Ligier,JS60
Ligier,Myli
Lincoln,Aviator
Lincoln,Blackwood
Lincoln,Continental
Lincoln,Corsair
Lincoln,LS
Lincoln,Continental Mark III
Lincoln,Mark VII
Lincoln,Mark VIII
Lincoln,Mark LT
Lincoln,MKC
Lincoln,MKS
Lincoln,MKT
Lincoln,MKX
Lincoln,MKZ
Lincoln,Nautilus
Lincoln,Navigator
Lincoln,Town Car
Lincoln,Z Zephyr
Lincoln,Zephyr
Livan,7
Livan,9
Livan,Maple 30X
Livan,Maple 60s
Livan,Maple 60s Pro
Livan,Maple 80v
Livan,Maple 80v Pro
Livan,S6 Pro
Livan,X3 Pro
Livan,X6 Pro
Lotus,Elan
Lotus,Eletre
Lotus,Elise
Lotus,Emeya
Lotus,Emira
Lotus,Esprit
Lotus,Evija
Lotus,Evora
Lotus,Exige
Lotus NYO,Eletre
Lotus NYO,Emeya
Lotus NYO,Emira
Lucid,Air
Luxgen,5
Luxgen,7 MPV
Luxgen,7 SUV
Luxgen,M7
Luxgen,N7
Luxgen,S3
Luxgen,S5
Luxgen,U5
Luxgen,U6
Luxgen,U6 Neo
Luxgen,U7
Luxgen,URX
Luxgen,URX Neo
Luxgen,V7
Lynk&Co,1
Lynk&Co,2
Lynk&Co,3
Lynk&Co,03+
Lynk&Co,5
Lynk&Co,05+
Lynk&Co,6
Lynk&Co,7
Lynk&Co,8
Lynk&Co,9
Lynk&Co,Z10
Lynk&Co,Z20
Mahindra,Alturas G4
Mahindra,BE6
Mahindra,Bolero
Mahindra,Bolero Camper
Mahindra,Bolero Maxi Truck
Mahindra,Bolero MaXX
Mahindra,Bolero Neo
Mahindra,Bolero Neo plus
Mahindra,Bolero Pik-Up
Mahindra,e-Verito
Mahindra,e2o
Mahindra,e2o Plus
Mahindra,eSupro
Mahindra,Genio
Mahindra,Goa
Mahindra,Imperio
Mahindra,Jeeto
Mahindra,Jeeto Plus
Mahindra,KUV100
Mahindra,Marazzo
Mahindra,Maxximo HD
Mahindra,NuvoSport
Mahindra,Pik Up
Mahindra,Quanto
Mahindra,Roxor
Mahindra,Scorpio
Mahindra,Scorpio Getaway
Mahindra,Scorpio-N
Mahindra,Scorpio Pikup
Mahindra,Supro
Mahindra,Supro Maxitruck
Mahindra,Supro Minitruck
Mahindra,Thar
Mahindra,Thar Roxx
Mahindra,TUV300
Mahindra,TUV300 Plus
Mahindra,Veero
Mahindra,Verito
Mahindra,Verito Vibe
Mahindra,XEV 9e
Mahindra,XUV 3XO
Mahindra,XUV300
Mahindra,XUV400
Mahindra,XUV500
Mahindra,XUV700
Mahindra,Xylo
MAN,TGE
Maruti,800
Maruti,A-Star
Maruti,Alto
Maruti,Alto 800
Maruti,Alto K10
Maruti,Baleno
Maruti,Brezza
Maruti,Celerio
Maruti,Celerio X
Maruti,Ciaz
Maruti,DZire
Maruti,Eeco
Maruti,Ertiga
Maruti,Esteem
Maruti,Estilo
Maruti,Fronx
Maruti,Grand Vitara
Maruti,Gypsy
Maruti,Ignis
Maruti,Invicto
Maruti,Jimny
Maruti,Omni
Maruti,Ritz
Maruti,S-Presso
Maruti,Stingray
Maruti,Super Carry
Maruti,Swift
Maruti,Swift DZire
Maruti,Versa
Maruti,Vitara Brezza
Maruti,Wagon R
Maruti,XL6
Maruti,Zen
Maruti,Zen Estilo
Maserati,3200 GT
Maserati,Coupe
Maserati,Ghibli
Maserati,GranTurismo
Maserati,GranTurismo S
Maserati,GranCabrio
Maserati,GranCabrio MC
Maserati,GranCabrio Sport
Maserati,GranTurismo MC
Maserati,GranTurismo Sport
Maserati,Grecale
Maserati,Levante
Maserati,MC20
Maserati,Quattroporte
Maxus,D60
Maxus,D60 Max
Maxus,D90
Maxus,D90 Max
Maxus,D90 Pro
Maxus,D90 Pro Amazon
Maxus,Dana V1
Maxus,Deliver 7
Maxus,Deliver 9
Maxus,eDeliver 3
Maxus,eDeliver 5
Maxus,eDeliver 7
Maxus,eDeliver 9
Maxus,EG10
Maxus,EG50
Maxus,eTerron 9
Maxus,Euniq 5
Maxus,Euniq 6
Maxus,EV30
Maxus,EV70
Maxus,EV80
Maxus,EV80 Plus
Maxus,EV80 Pro
Maxus,EV90
Maxus,FCV80
Maxus,G10
Maxus,G10 Cargo
Maxus,G10 Max
Maxus,G20
Maxus,G20 ES
Maxus,G20 Plus
Maxus,G50
Maxus,G50 Hybrid
Maxus,G50 Max
Maxus,G50 Plus
Maxus,G70
Maxus,G90
Maxus,Interstellar Bull Demon King
Maxus,Interstellar H
Maxus,Interstellar L
Maxus,Interstellar R
Maxus,Interstellar X
Maxus,Istana
Maxus,Mifa 5
Maxus,Mifa 6
Maxus,Mifa 7
Maxus,Mifa 9
Maxus,T60
Maxus,T60 Max
Maxus,T70
Maxus,T90
Maxus,Territory
Maxus,Tornado 60
Maxus,Tornado 70 Pro
Maxus,Tornado 90
Maxus,V70
Maxus,V80
Maxus,V80 Plus
Maxus,V90
Maybach,57
Maybach,62
Mazda,121
Mazda,323
Mazda,626
Mazda,6e
Mazda,929
Mazda,Allegro
Mazda,Atenza
Mazda,Axela
Mazda,MazdaSpeed Axela
Mazda,AZ-1
Mazda,AZ-3
Mazda,AZ Offroad
Mazda,AZ Wagon
Mazda,B-Series
Mazda,Biante
Mazda,Bongo Wagon
Mazda,Bongo Brawny Van
Mazda,Bongo Friendee
Mazda,Bongo Truck
Mazda,Bongo Van
Mazda,Bravo
Mazda,BT-50
Mazda,Capella
Mazda,Carol
Mazda,Clef
Mazda,Cronos
Mazda,CX-3
Mazda,CX-30
Mazda,CX-30 EV
Mazda,CX-4
Mazda,CX-5
Mazda,CX-50
Mazda,CX-60
Mazda,CX-7
Mazda,CX-70
Mazda,CX-8
Mazda,CX-80
Mazda,CX-9
Mazda,CX-90
Mazda,Demio
Mazda,Efini MPV
Mazda,Efini MS-6
Mazda,Efini MS-8
Mazda,Efini MS-9
Mazda,Efini RX-7
Mazda,Eunos 100
Mazda,Eunos 300
Mazda,Eunos 500
Mazda,Eunos 800
Mazda,Eunos Cargo
Mazda,Eunos Cosmo
Mazda,Eunos Presso
Mazda,EZ-6
Mazda,Familia
Mazda,Familia Van
Mazda,Flair
Mazda,Flair Crossover
Mazda,Flair Custom Style
Mazda,Flair Wagon
Mazda,Flair Wagon Custom Style
Mazda,Flair Wagon Tough Style
Mazda,Lantis
Mazda,Laputa
Mazda,Luce
Mazda,Mazda2
Mazda,Mazda2 Hybrid
Mazda,Mazda3
Mazda,Mazda3 MPS
Mazda,Mazda5
Mazda,Mazda6
Mazda,Mazda6 MPS
Mazda,Mazda8
Mazda,MazdaSpeed 3
Mazda,MazdaSpeed 6
Mazda,Millenia
Mazda,MPV
Mazda,MX-3
Mazda,MX-30
Mazda,MX-5
Mazda,MX-5 Miata
Mazda,MX-5 Miata RF
Mazda,MX-5 RF
Mazda,MX-6
Mazda,Premacy
Mazda,Proceed
Mazda,Proceed Levante
Mazda,Proceed Marvie
Mazda,Protege
Mazda,Protege5
Mazda,Revue
Mazda,Roadster
Mazda,Roadster RF
Mazda,RX-7
Mazda,RX-8
Mazda,Savanna RX-7
Mazda,Scrum Van
Mazda,Scrum Truck
Mazda,Scrum Wagon
Mazda,Sentia
Mazda,Spiano
Mazda,Tribute
Mazda,Verisa
Mazda,Xedos 6
Mazda,Xedos 9
McLaren,12C
McLaren,12C Spider
McLaren,540C
McLaren,570GT
McLaren,570S
McLaren,570S Spider
McLaren,600LT
McLaren,600LT Spider
McLaren,620R
McLaren,650S
McLaren,675LT
McLaren,675LT Spider
McLaren,720S
McLaren,720S Spider
McLaren,750S
McLaren,765LT
McLaren,765LT Spider
McLaren,Artura
McLaren,Elva
McLaren,GT
McLaren,GTS
McLaren,Mp4-12C
McLaren,P1
McLaren,Senna
McLaren,Speedtail
McLaren,W1
Mercedes-Benz,190
Mercedes-Benz,A-Class
Mercedes-Benz,A-Class AMG
Mercedes-Benz,AMG GT
Mercedes-Benz,AMG GT 4
Mercedes-Benz,B-Class
Mercedes-Benz,C-Class
Mercedes-Benz,C-Class All-Terrain
Mercedes-Benz,C-Class AMG
Mercedes-Benz,Citan
Mercedes-Benz,CL-Class
Mercedes-Benz,CL-Class AMG
Mercedes-Benz,CLA-Class
Mercedes-Benz,CLA-Class AMG
Mercedes-Benz,CLC-Class
Mercedes-Benz,CLE-Class
Mercedes-Benz,CLE-Class AMG
Mercedes-Benz,CLK-Class
Mercedes-Benz,CLK-Class AMG
Mercedes-Benz,CLS-Class
Mercedes-Benz,CLS-Class AMG
Mercedes-Benz,E-Class
Mercedes-Benz,E-Class All-Terrain
Mercedes-Benz,E-Class AMG
Mercedes-Benz,E-Class Cabriolet
Mercedes-Benz,E-Class Coupe
Mercedes-Benz,EQA
Mercedes-Benz,EQB
Mercedes-Benz,EQC
Mercedes-Benz,EQE
Mercedes-Benz,EQE AMG
Mercedes-Benz,EQE SUV
Mercedes-Benz,EQE SUV AMG
Mercedes-Benz,EQS
Mercedes-Benz,EQS AMG
Mercedes-Benz,EQS SUV
Mercedes-Benz,EQT
Mercedes-Benz,EQV
Mercedes-Benz,G-Class
Mercedes-Benz,G-Class AMG
Mercedes-Benz,GL-Class
Mercedes-Benz,GL-Class AMG
Mercedes-Benz,GLA-Class
Mercedes-Benz,GLA-Class AMG
Mercedes-Benz,GLB-Class
Mercedes-Benz,GLB-Class AMG
Mercedes-Benz,GLC-Class
Mercedes-Benz,GLC-Class AMG
Mercedes-Benz,GLC-Class Coupe
Mercedes-Benz,GLC-Class Coupe AMG
Mercedes-Benz,GLE-Class
Mercedes-Benz,GLE-Class AMG
Mercedes-Benz,GLE-Class Coupe
Mercedes-Benz,GLE-Class Coupe AMG
Mercedes-Benz,GLK-Class
Mercedes-Benz,GLS-Class
Mercedes-Benz,GLS-Class AMG
Mercedes-Benz,M-Class
Mercedes-Benz,M-Class AMG
Mercedes-Benz,Marco Polo
Mercedes-Benz,Metris
Mercedes-Benz,R-Class
Mercedes-Benz,R-Class AMG
Mercedes-Benz,S-Class
Mercedes-Benz,S-Class AMG
Mercedes-Benz,S-Class Cabrio
Mercedes-Benz,S-Class Cabrio AMG
Mercedes-Benz,S-Class Coupe
Mercedes-Benz,S-Class Coupe AMG
Mercedes-Benz,SL-Class
Mercedes-Benz,SL-Class AMG
Mercedes-Benz,SLC-Class
Mercedes-Benz,SLC-Class AMG
Mercedes-Benz,SLK-Class
Mercedes-Benz,SLK-Class AMG
Mercedes-Benz,SLR McLaren
Mercedes-Benz,SLS-Class AMG
Mercedes-Benz,Sprinter
Mercedes-Benz,T-Class
Mercedes-Benz,T1
Mercedes-Benz,T2
Mercedes-Benz,V-Class
Mercedes-Benz,Vaneo
Mercedes-Benz,Viano
Mercedes-Benz,Vito
Mercedes-Benz,W123
Mercedes-Benz,W124
Mercedes-Benz,X-Class
Mercedes-Maybach,EQS
Mercedes-Maybach,GLS-Class
Mercedes-Maybach,S-Class
Mercedes-Maybach,SL-Class
Mercury,Capri
Mercury,Cougar
Mercury,Grand Marquis
Mercury,Lynx
Mercury,Marauder
Mercury,Mariner
Mercury,Marquis
Mercury,Milan
Mercury,Montego
Mercury,Monterey
Mercury,Mountaineer
Mercury,Mystique
Mercury,Sable
Mercury,Topaz
Mercury,Tracer
Mercury,Villager
MG,3
MG,3 Cross
MG,3 Xross
MG,350
MG,360
MG,4
MG,5
MG,5 EV
MG,550
MG,6
MG,6 Pro
MG,7
MG,750
MG,Astor
MG,Comet
MG,Cyberster
MG,eHS
MG,EP
MG,ES
MG,ES5
MG,Extender
MG,F
MG,Gloster
MG,GS
MG,GT
MG,Hector
MG,HS
MG,Maestro
MG,Marvel R
MG,Maxus 7
MG,Maxus 9
MG,Maxus G50 Plus
MG,Metro
MG,Montego
MG,Mulan
MG,One
MG,Pilot
MG,Ruiteng
MG,Ruixing
MG,RX5
MG,RX8
MG,RX9
MG,T60
MG,TF
MG,V80
MG,VS
MG,Whale
MG,Windsor
MG,XPower SV
MG,ZR
MG,ZS
MG,ZS EV
MG,ZST
MG,ZT
MG,ZX
MHERO,I
MHERO,917
Micro,Microlino
Microcar,Dué
Microcar,F8C
Microcar,Flex
Microcar,M.Cross
Microcar,M.Go
Microcar,M8
MINI,Aceman
MINI,Cabrio
MINI,Clubman
MINI,Clubvan
MINI,Convertible
MINI,Cooper
MINI,Countryman
MINI,Coupe
MINI,Crossover
MINI,Hardtop
MINI,Hatch
MINI,One
MINI,Paceman
MINI,Roadster
Mitsubishi,3000 GT
Mitsubishi,Airtrek
Mitsubishi,Aspire
Mitsubishi,ASX
Mitsubishi,Attrage
Mitsubishi,Bravo
Mitsubishi,Carisma
Mitsubishi,Challenger
Mitsubishi,Chariot
Mitsubishi,Chariot Grandis
Mitsubishi,Colt
Mitsubishi,Colt CZC
Mitsubishi,Colt L300
Mitsubishi,Colt Plus
Mitsubishi,Debonair
Mitsubishi,Debonair V
Mitsubishi,Delica Cargo
Mitsubishi,Delica D:2
Mitsubishi,Delica D:3
Mitsubishi,Delica D:5
Mitsubishi,Delica Mini
Mitsubishi,Delica Space Gear
Mitsubishi,Delica Star Wagon
Mitsubishi,Delica Truck
Mitsubishi,Delica Van
Mitsubishi,Diamante
Mitsubishi,Diamante Wagon
Mitsubishi,Dignity
Mitsubishi,Dingo
Mitsubishi,Dion
Mitsubishi,Eclipse
Mitsubishi,Eclipse Cross
Mitsubishi,Eclipse Spider
Mitsubishi,eK Sport
Mitsubishi,eK Active
Mitsubishi,eK Classy
Mitsubishi,eK Custom
Mitsubishi,eK Space
Mitsubishi,eK Space Custom
Mitsubishi,eK Wagon
Mitsubishi,eK X
Mitsubishi,eK X Space
Mitsubishi,Emeraude
Mitsubishi,Endeavor
Mitsubishi,Eterna
Mitsubishi,Eterna Sava
Mitsubishi,Eterna Sigma
Mitsubishi,Expo
Mitsubishi,Expo LRV
Mitsubishi,Express
Mitsubishi,FTO
Mitsubishi,Galant
Mitsubishi,Galant Fortis
Mitsubishi,Galant Fortis Sportback
Mitsubishi,Galant Sigma
Mitsubishi,Galant Sports
Mitsubishi,Grand Lancer
Mitsubishi,Grandis
Mitsubishi,GTO
Mitsubishi,i
Mitsubishi,i-MiEV
Mitsubishi,Jeep
Mitsubishi,L200
Mitsubishi,L300
Mitsubishi,L400
Mitsubishi,Lancer
Mitsubishi,Lancer Cargo
Mitsubishi,Lancer Cedia
Mitsubishi,Lancer Cedia Wagon
Mitsubishi,Lancer Evolution
Mitsubishi,Lancer Fortis
Mitsubishi,Lancer Wagon
Mitsubishi,Legnum
Mitsubishi,Libero
Mitsubishi,Magna
Mitsubishi,Maven
Mitsubishi,Minica
Mitsubishi,Minica Toppo
Mitsubishi,Minicab MiEV
Mitsubishi,Minicab Truck
Mitsubishi,Minicab Van
Mitsubishi,Mirage
Mitsubishi,Mirage Asti
Mitsubishi,Mirage G4
Mitsubishi,Montero
Mitsubishi,Montero Sport
Mitsubishi,Nativa
Mitsubishi,Outlander
Mitsubishi,Outlander Sport
Mitsubishi,Outlander XL
Mitsubishi,Pajero
Mitsubishi,Pajero iO
Mitsubishi,Pajero Jr
Mitsubishi,Pajero Mini
Mitsubishi,Pajero Pinin
Mitsubishi,Pajero Sport
Mitsubishi,Pajero TR4
Mitsubishi,Pistachio
Mitsubishi,Proudia
Mitsubishi,Raider
Mitsubishi,RVR
Mitsubishi,RVR Roadest
Mitsubishi,Shogun
Mitsubishi,Shogun Sport
Mitsubishi,Sigma
Mitsubishi,Space Gear
Mitsubishi,Space Runner
Mitsubishi,Space Star
Mitsubishi,Space Wagon
Mitsubishi,Starion
Mitsubishi,Strada
Mitsubishi,Toppo
Mitsubishi,Toppo BJ
Mitsubishi,Toppo BJ Wide
Mitsubishi,Town Box
Mitsubishi,Town Box Wide
Mitsubishi,Triton
Mitsubishi,Verada
Mitsubishi,Xforce
Mitsubishi,Xpander
Mitsubishi,Xpander Cross
Moskvich,3
Moskvich,3e
Moskvich,6
Moskvich,8
Mosler,Consulier
Mosler,MT900
Mosler,MT900S
Mosler,MT900S Photon
Neta,Aya
Neta,GT
Neta,L
Neta,N01
Neta,S
Neta,U
Neta,U-II
Neta,V
Neta,V-II
Neta,X
Nio,EC6
Nio,EC7
Nio,EL6
Nio,EL7
Nio,EL8
Nio,ES6
Nio,ES7
Nio,ES8
Nio,ET5
Nio,ET5T
Nio,ET7
Nio,ET9
Nissan,180SX
Nissan,200SX
Nissan,240SX
Nissan,280ZX
Nissan,300ZX
Nissan,350Z
Nissan,370Z
Nissan,AD
Nissan,Almera
Nissan,Almera Classic
Nissan,Almera Tino
Nissan,Altima
Nissan,Aprio
Nissan,Ariya
Nissan,Armada
Nissan,Aura
Nissan,Avenir
Nissan,Avenir Salut
Nissan,Bassara
Nissan,Be-1
Nissan,Bluebird
Nissan,Bluebird Sylphy
Nissan,Caravan
Nissan,Cedric
Nissan,Cedric Cima
Nissan,Cefiro
Nissan,Cima
Nissan,Clipper
Nissan,Clipper EV
Nissan,Clipper Rio
Nissan,Crew
Nissan,Cube
Nissan,Cube Cubic
Nissan,Datsun
Nissan,Dayz
Nissan,Dayz Roox
Nissan,Dualis
Nissan,Dualis+2
Nissan,e-NV200
Nissan,Elgrand
Nissan,Evalia
Nissan,Expert
Nissan,Fairlady Z
Nissan,Figaro
Nissan,Frontier
Nissan,Fuga
Nissan,Gloria
Nissan,Grand Livina
Nissan,GT-R
Nissan,Homy Coach
Nissan,Infiniti Q45
Nissan,Interstar
Nissan,Juke
Nissan,Kicks
Nissan,Kicks Play
Nissan,Kix
Nissan,Kubistar
Nissan,Lafesta
Nissan,Lannia
Nissan,Largo
Nissan,Latio
Nissan,Laurel
Nissan,Leaf
Nissan,Leopard
Nissan,Liberty
Nissan,Livina
Nissan,Lucino
Nissan,Magnite
Nissan,March
Nissan,March Active
Nissan,March Box
Nissan,Maxima
Nissan,Micra
Nissan,Micra Active
Nissan,Micra C+C
Nissan,Mistral
Nissan,Moco
Nissan,Murano
Nissan,N7
Nissan,Navara
Nissan,Note
Nissan,NP200
Nissan,NP300
Nissan,NP300 Frontier
Nissan,NP300 Hardbody
Nissan,NP300 Navara
Nissan,NT100 Clipper
Nissan,NV100 Clipper
Nissan,NV100 Clipper Rio
Nissan,NV150 AD
Nissan,NV1500
Nissan,NV200
Nissan,NV200 Vanette
Nissan,NV250
Nissan,NV2500
Nissan,NV300
Nissan,NV350
Nissan,NV350 Caravan
Nissan,NV350 Urvan
Nissan,NV3500
Nissan,NV400
Nissan,NX
Nissan,Otti
Nissan,Paladin
Nissan,Pao
Nissan,Pathfinder
Nissan,Patrol
Nissan,Patrol Cab Chassis
Nissan,Patrol Safari
Nissan,Pickup
Nissan,Pino
Nissan,Pixo
Nissan,Platina
Nissan,Prairie
Nissan,Prairie Joy
Nissan,Prairie Liberty
Nissan,Presage
Nissan,Presea
Nissan,President
Nissan,Primastar
Nissan,Primera
Nissan,Pulsar
Nissan,Qashqai
Nissan,Qashqai+2
Nissan,Quest
Nissan,Rasheen
Nissan,R'nessa
Nissan,Rogue
Nissan,Rogue Select
Nissan,Rogue Sport
Nissan,Roox
Nissan,S-Cargo
Nissan,Safari
Nissan,Sakura
Nissan,Sentra
Nissan,Serena
Nissan,Silvia
Nissan,Skyline
Nissan,Skyline Crossover
Nissan,Skystar
Nissan,Stagea
Nissan,Sunny
Nissan,Sunny Box
Nissan,Sunny California
Nissan,Sunny RZ-1
Nissan,Sunny Traveller
Nissan,Sylphy
Nissan,Sylphy Classic
Nissan,Teana
Nissan,Terra
Nissan,Terrano
Nissan,Terrano 2
Nissan,Terrano Regulus
Nissan,Tiida
Nissan,Tiida Latio
Nissan,Tino
Nissan,Titan
Nissan,Titan XD
Nissan,Townstar
Nissan,Truck
Nissan,Tsuru
Nissan,Urvan
Nissan,V-Drive
Nissan,V16
Nissan,Vanette
Nissan,Versa
Nissan,Versa Note
Nissan,Wingroad
Nissan,X-Terra
Nissan,X-Trail
Nissan,X-Trail x-treme
Nissan,XTerra
Nissan,Z
Oldsmobile,88
Oldsmobile,98
Oldsmobile,Achieva
Oldsmobile,Alero
Oldsmobile,Aurora
Oldsmobile,Bravada
Oldsmobile,Cutlass
Oldsmobile,Cutlass Supreme
Oldsmobile,Intrigue
Oldsmobile,LSS
Oldsmobile,Omega
Oldsmobile,Regency
Oldsmobile,Silhouette
Oldsmobile,Toronado
Omoda,5
Omoda,9
Omoda,C5
Omoda,C5 X
Omoda,C7
Omoda,C9
Omoda,E5
Omoda,O5
Omoda,O5 GT
Omoda,S5
Omoda,S5 GT
Opel,Adam
Opel,Admiral
Opel,Agila
Opel,Ampera
Opel,Ampera-e
Opel,Antara
Opel,Arena
Opel,Ascona
Opel,Astra
Opel,Astra Classic
Opel,Astra Family
Opel,Astra GTC
Opel,Astra OPC
Opel,Cabrio
Opel,Calibra
Opel,Campo
Opel,Cascada
Opel,Combo
Opel,Combo Cargo
Opel,Combo Life
Opel,Corsa
Opel,Corsa OPC
Opel,Corsa Van
Opel,Crossland
Opel,Crossland X
Opel,Frontera
Opel,Grandland
Opel,Grandland X
Opel,GT
Opel,Insignia
Opel,Insignia Country Tourer
Opel,Insignia OPC
Opel,Kadett
Opel,Karl
Opel,Manta
Opel,Meriva
Opel,Mokka
Opel,Mokka X
Opel,Monterey
Opel,Movano
Opel,Omega
Opel,Rekord
Opel,Rocks-e
Opel,Senator
Opel,Signum
Opel,Sintra
Opel,Speedster
Opel,Tigra
Opel,Vectra
Opel,Vita
Opel,Vivaro
Opel,Zafira
Opel,Zafira Life
Ora,3
Ora,03 GT
Ora,7
Ora,Ballet Cat
Ora,Black Cat
Ora,Funky Cat
Ora,Good Cat
Ora,Good Cat GT
Ora,iQ
Ora,Lightning Cat
Ora,Mecha Dragon
Ora,White Cat
Oting,Paladin
Panoz,Abruzzi
Panoz,AIV Roadster
Panoz,Avezzano
Panoz,Esperante
Panoz,Esperante GTR-1
Panoz,Roadster
Perodua,Alza
Perodua,Aruz
Perodua,Ativa
Perodua,Axia
Perodua,Bezza
Perodua,Kancil
Perodua,Kelisa
Perodua,Kembara
Perodua,Kenari
Perodua,Myvi
Perodua,Nautica
Perodua,Viva
Peugeot,1007
Peugeot,104
Peugeot,106
Peugeot,107
Peugeot,108
Peugeot,2008
Peugeot,204
Peugeot,205
Peugeot,206
Peugeot,206+
Peugeot,207
Peugeot,208
Peugeot,3008
Peugeot,301
Peugeot,304
Peugeot,305
Peugeot,306
Peugeot,307
Peugeot,308
Peugeot,308S
Peugeot,309
Peugeot,4007
Peugeot,4008
Peugeot,405
Peugeot,406
Peugeot,407
Peugeot,408
Peugeot,408X
Peugeot,5008
Peugeot,504
Peugeot,505
Peugeot,508
Peugeot,508 RXH
Peugeot,508L
Peugeot,604
Peugeot,605
Peugeot,607
Peugeot,806
Peugeot,807
Peugeot,Bipper
Peugeot,Boxer
Peugeot,Expert
Peugeot,Hoggar
Peugeot,iOn
Peugeot,Landtrek
Peugeot,Manager
Peugeot,Partner
Peugeot,Partner Crossway
Peugeot,Partner Origin
Peugeot,Partner Rapid
Peugeot,Partner Tepee
Peugeot,RCZ
Peugeot,Rifter
Peugeot,Traveller
Plymouth,Acclaim
Plymouth,Breeze
Plymouth,Caravelle
Plymouth,Colt
Plymouth,Colt Vista
Plymouth,Fury
Plymouth,Grand Voyager
Plymouth,Horizon
Plymouth,Laser
Plymouth,Neon
Plymouth,Prowler
Plymouth,Reliant
Plymouth,Road Runner
Plymouth,Sundance
Plymouth,Turismo
Plymouth,Voyager
Polaris,General
Polaris,General 4
Polaris,General XP
Polaris,General XP 4
Polaris,RZR Pro R
Polaris,RZR Pro R 4
Polaris,RZR Pro S
Polaris,RZR Pro S 4
Polaris,RZR Pro XP
Polaris,RZR Pro XP 4
Polaris,RZR Trail
Polaris,RZR Trail S
Polaris,RZR XP
Polaris,RZR XP 4
Polaris,Slingshot
Polaris,Xpedition ADV
Polaris,Xpedition ADV 5
Polaris,Xpedition XP
Polaris,Xpedition XP 5
Polestar,Polestar 1
Polestar,Polestar 2
Polestar,Polestar 3
Polestar,Polestar 4
Polestones,1
Pontiac,1000
Pontiac,2000
Pontiac,6000
Pontiac,Acadian
Pontiac,Aztek
Pontiac,Bonneville
Pontiac,Catalina
Pontiac,Fiero
Pontiac,Firebird
Pontiac,G3
Pontiac,G4
Pontiac,G5
Pontiac,G6
Pontiac,G8
Pontiac,Grand Am
Pontiac,Grand Prix
Pontiac,Grand Prix GXP
Pontiac,Grand Ville
Pontiac,GTO
Pontiac,Lemans
Pontiac,Matiz
Pontiac,Montana
Pontiac,Phoenix
Pontiac,G5 Pursuit
Pontiac,Solstice
Pontiac,Sunbird
Pontiac,Sunfire
Pontiac,Tempest
Pontiac,Torrent
Pontiac,Trans Sport
Pontiac,Vibe
Porsche,718
Porsche,911
Porsche,918
Porsche,924
Porsche,928
Porsche,944
Porsche,968
Porsche,Boxster
Porsche,Cayenne
Porsche,Cayman
Porsche,Macan
Porsche,Panamera
Porsche,Taycan
Proton,300 Series
Proton,400 Series
Proton,Arena
Proton,Compact
Proton,Ertiga
Proton,Exora
Proton,Gen-2
Proton,Impian
Proton,Inspira
Proton,Iriz
Proton,Jumbuck
Proton,Mpi
Proton,Natura
Proton,Perdana
Proton,Persona
Proton,Preve
Proton,S16
Proton,S70
Proton,Saga
Proton,Satria
Proton,Savvy
Proton,Suprima S
Proton,Waja
Proton,Wira
Proton,X50
Proton,X70
Proton,X90
Qiantu,K50
Qoros,3
Qoros,3 City SUV
Qoros,3 GT
Qoros,5
Qoros,5S
Qoros,7
Radar,RD6
Ram,1000
Ram,1200
Ram,1500
Ram,1500 Classic
Ram,1500 Ramcharger
Ram,1500 REV
Ram,1500 RHO
Ram,1500 TRX
Ram,2500
Ram,3500
Ram,4000
Ram,700
Ram,C/V
Ram,Chassis cab
Ram,Dakota
Ram,Promaster 1500
Ram,Promaster 2500
Ram,Promaster 3500
Ram,ProMaster City
Ram,ProMaster Rapid
Ram,Rampage
Ram,V1000
Ram,V700 City
Ram,V700 Rapid
Ravon,Gentra
Ravon,Matiz
Ravon,Nexia R3
Ravon,R2
Ravon,R4
Rely,H3
Rely,H5
Rely,H6
Rely,V5
Rely,X5
Renault,5
Renault,Alaskan
Renault,Arkana
Renault,Austral
Renault,Avantime
Renault,Captur
Renault,City K-ZE
Renault,Clio
Renault,Dokker
Renault,Dokker Stepway
Renault,Duster
Renault,Duster Oroch
Renault,Espace
Renault,Express
Renault,Fluence
Renault,Fuego
Renault,Grand Kangoo
Renault,Grand Scenic
Renault,Kadjar
Renault,Kangoo
Renault,Kangoo Compact
Renault,Kangoo Express
Renault,Kangoo Rapid
Renault,Kangoo Stepway
Renault,Kangoo Van
Renault,Kaptur
Renault,Kardian
Renault,Kiger
Renault,Koleos
Renault,Kwid
Renault,Laguna
Renault,Latitude
Renault,Lodgy
Renault,Logan
Renault,Logan Stepway
Renault,Lutecia
Renault,Master
Renault,Megane
Renault,Megane E-Tech
Renault,Modus
Renault,Oroch
Renault,Pulse
Renault,Rafale
Renault,Safrane
Renault,Sandero
Renault,Sandero Stepway
Renault,Scala
Renault,Scenic
Renault,Scenic E-Tech
Renault,Stepway
Renault,Symbioz
Renault,Symbol
Renault,Taliant
Renault,Talisman
Renault,Thalia
Renault,Tondar
Renault,Trafic
Renault,Triber
Renault,Twingo
Renault,Twizy
Renault,Vel Satis
Renault,Wind
Renault,ZOE
Renault Korea,Arkana
Renault Korea,Grand Koleos
Renault Korea,Master
Renault Korea,QM6
Renault Korea,SM6
Renault Korea,XM3
Renault Samsung,QM3
Renault Samsung,QM5
Renault Samsung,QM6
Renault Samsung,SM3
Renault Samsung,SM5
Renault Samsung,SM6
Renault Samsung,SM7
Renault Samsung,XM3
Riich,G3
Riich,G5
Riich,G6
Riich,M1
Riich,M5
Rising,ER6
Rising,F7
Rising,Marvel R
Rising,R7
Rivian,Commercial Van
Rivian,R1S
Rivian,R1T
Roewe,350
Roewe,360
Roewe,550
Roewe,750
Roewe,950
Roewe,Clever
Roewe,D5X
Roewe,D6
Roewe,D7
Roewe,E50
Roewe,Ei5
Roewe,eRX5
Roewe,i5
Roewe,i6
Roewe,I6 Max
Roewe,i6 PLUS
Roewe,iMAX8
Roewe,Lomemo
Roewe,Marvel X
Roewe,RX3
Roewe,RX3 Pro
Roewe,RX5
Roewe,RX5 eMAX
Roewe,RX5 ePlus
Roewe,RX5 MAX
Roewe,RX5 plus
Roewe,RX8
Roewe,RX9
Roewe,W5
Roewe,Whale
Rolls-Royce,Cullinan
Rolls-Royce,Dawn
Rolls-Royce,Ghost
Rolls-Royce,Phantom
Rolls-Royce,Spectre
Rolls-Royce,Wraith
Rover,100
Rover,200
Rover,25
Rover,400
Rover,45
Rover,600
Rover,75
Rover,800
Rover,City Rover
Rover,Maestro
Rover,Metro
Rover,Streetwise
Rox,1
Saab,9-2x
Saab,09-Mar
Saab,9-3x
Saab,9-4x
Saab,09-May
Saab,9-7x
Saab,900
Saab,9000
Saturn,Astra
Saturn,Aura
Saturn,Ev1
Saturn,Ion
Saturn,L-Series
Saturn,Outlook
Saturn,Relay
Saturn,S-Series
Saturn,Sky
Saturn,Vue
Scion,FR-S
Scion,iA
Scion,iM
Scion,iQ
Scion,tC
Scion,xA
Scion,xB
Scion,xD
Seat,133
Seat,Alhambra
Seat,Altea
Seat,Altea Freetrack
Seat,Altea XL
Seat,Arona
Seat,Arosa
Seat,Ateca
Seat,Cordoba
Seat,Exeo
Seat,Ibiza
Seat,Inca
Seat,Leon
Seat,Malaga
Seat,Marbella
Seat,Mii
Seat,Tarraco
Seat,Toledo
Sehol,A5
Sehol,E10X
Sehol,E40X
Sehol,E50A
Sehol,Haoyao
Sehol,QX
Sehol,X4
Sehol,X6
Sehol,X7
Sehol,X8
Seres,3
Seres,5
Seres,7
Seres,M5
Seres,M7
Seres,SF5
SEV,E-Nat
SEV,E-Tus
SEV,E-Wan Cross
SEV,Friday
SEV,Friday 410
Skoda,100 Series
Skoda,Citigo
Skoda,Elroq
Skoda,Enyaq
Skoda,Fabia
Skoda,Favorit
Skoda,Felicia
Skoda,Kamiq
Skoda,Kamiq GT
Skoda,Karoq
Skoda,Kodiaq
Skoda,Kodiaq GT
Skoda,Kushaq
Skoda,Kylaq
Skoda,Octavia
Skoda,Octavia Classic
Skoda,Octavia Pro
Skoda,Octavia Scout
Skoda,Octavia Tour
Skoda,Praktik
Skoda,Rapid
Skoda,Roomster
Skoda,Scala
Skoda,Slavia
Skoda,Superb
Skoda,Superb Scout
Skoda,Yeti
Skywell,BE11
Skywell,ET5
Skywell,HT-i
Skyworth,EV6
Skyworth,HT-i
Smart,#1
Smart,#3
Smart,#5
Smart,Forfour
Smart,Fortwo
Smart,Roadster
Solaris,HC
Solaris,HS
Solaris,KRS
Solaris,KRX
Sollers,Argo
Sollers,Atlant
Sollers,SF1
Sollers,ST6
Sollers,ST8
Soueast,A5
Soueast,C1
Soueast,Delica
Soueast,DX3
Soueast,DX5
Soueast,DX7
Soueast,DX7 Prime
Soueast,DX7 Xing Yue
Soueast,DX8
Soueast,DX8S
Soueast,Lioncel
Soueast,S06
Soueast,S06DM
Soueast,S07
Soueast,S09
Soueast,V3
Soueast,V5
Soueast,V6
SsangYong,Actyon
SsangYong,Actyon Sports
SsangYong,Chairman
SsangYong,Korando
SsangYong,Korando C
SsangYong,Korando Sports
SsangYong,Korando Turismo
SsangYong,Kyron
SsangYong,LUVi
SsangYong,Musso
SsangYong,Musso Grand
SsangYong,Musso Sports
SsangYong,Nomad
SsangYong,Rexton
SsangYong,Rexton Sports
SsangYong,Rexton W
SsangYong,Rhino
SsangYong,Rodius
SsangYong,Stavic
SsangYong,Tivoli
SsangYong,Tivoli Grand
SsangYong,Tivoli XLV
SsangYong,Torres
SsangYong,Torres EVX
SsangYong,Turismo
SsangYong,XLV
Subaru,Alcyone
Subaru,Ascent
Subaru,B9 Tribeca
Subaru,Baja
Subaru,BRZ
Subaru,Chiffon
Subaru,Chiffon Custom
Subaru,Chiffon Try
Subaru,Columbuss
Subaru,Crosstrek
Subaru,Dex
Subaru,Dias Wagon
Subaru,Domingo
Subaru,E series
Subaru,Estratto
Subaru,Evoltis
Subaru,Exiga
Subaru,Exiga Crossover 7
Subaru,Forester
Subaru,Impreza
Subaru,Impreza Anesis
Subaru,Impreza G4
Subaru,Impreza Sport
Subaru,Impreza WRX
Subaru,Impreza WRX STI
Subaru,Impreza XV
Subaru,Justy
Subaru,Legacy
Subaru,Legacy B4
Subaru,Legacy Grand Wagon
Subaru,Legacy Lancaster
Subaru,Legacy Outback
Subaru,Legacy Touring Wagon
Subaru,Leone
Subaru,Levorg
Subaru,Levorg Layback
Subaru,Libero
Subaru,Liberty
Subaru,Lucra
Subaru,Lucra Custom
Subaru,Outback
Subaru,Pleo
Subaru,Pleo Custom
Subaru,Pleo Nesta
Subaru,Pleo Plus
Subaru,R1
Subaru,R2
Subaru,Rex
Subaru,Sambar Van
Subaru,Sambar Dias
Subaru,Sambar Truck
Subaru,Sambar Try
Subaru,Solterra
Subaru,Stella
Subaru,Stella Custom
Subaru,Sumo
Subaru,SVX
Subaru,Traviq
Subaru,Trezia
Subaru,Tribeca
Subaru,Vivio
Subaru,Vivio Bistro
Subaru,WRX
Subaru,WRX S4
Subaru,WRX STI
Subaru,XT
Subaru,XT6
Subaru,XV
Subaru,XV Crosstrek
Sunra,i03
Sunra,i03A
Suzuki,Across
Suzuki,Aerio
Suzuki,Aerio Sedan
Suzuki,Alivio
Suzuki,Alto
Suzuki,Alto 800
Suzuki,Alto C
Suzuki,Alto C2
Suzuki,Alto Eco
Suzuki,Alto Hustle
Suzuki,Alto K10
Suzuki,Alto Lapin
Suzuki,Alto Works
Suzuki,APV
Suzuki,Baleno
Suzuki,Brezza
Suzuki,Cappuccino
Suzuki,Cara
Suzuki,Carry
Suzuki,Celerio
Suzuki,Cervo
Suzuki,Cervo Classic
Suzuki,Cervo Mode
Suzuki,Ciaz
Suzuki,Cultus
Suzuki,Cultus Crescent
Suzuki,Cultus Crescent Wagon
Suzuki,Cultus Esteem
Suzuki,Cultus Wagon
Suzuki,Dzire
Suzuki,e Vitara
Suzuki,Eeco
Suzuki,Equator
Suzuki,Ertiga
Suzuki,Ertiga XL7
Suzuki,Escudo
Suzuki,Esteem
Suzuki,Every
Suzuki,Every Landy
Suzuki,Every Plus
Suzuki,Every Wagon
Suzuki,Forenza
Suzuki,Fronx
Suzuki,Grand Escudo
Suzuki,Grand Nomade
Suzuki,Grand Vitara
Suzuki,Hustler
Suzuki,Ignis
Suzuki,Invicto
Suzuki,Jimny
Suzuki,Jimny L
Suzuki,Jimny Nomade
Suzuki,Jimny Sierra
Suzuki,Jimny Wide
Suzuki,Karimun
Suzuki,Karimun Estilo
Suzuki,Karimun Wagon R
Suzuki,Kei
Suzuki,Kei Sport
Suzuki,Kei Works
Suzuki,Kizashi
Suzuki,Landy
Suzuki,Lapin
Suzuki,Liana
Suzuki,MR Wagon
Suzuki,MR Wagon Wit
Suzuki,Palette
Suzuki,Palette SW
Suzuki,Reno
Suzuki,S-Cross
Suzuki,S-Presso
Suzuki,Samurai
Suzuki,Sidekick
Suzuki,Solio
Suzuki,Solio Bandit
Suzuki,Spacia
Suzuki,Spacia Custom
Suzuki,Spacia Custom Z
Suzuki,Spacia GEAR
Suzuki,Splash
Suzuki,Super Carry
Suzuki,Super Carry Pro
Suzuki,Swace
Suzuki,Swift
Suzuki,Swift Sport
Suzuki,SX4
Suzuki,SX4 S-Cross
Suzuki,SX4 Sedan
Suzuki,Twin
Suzuki,Verona
Suzuki,Vitara
Suzuki,Vitara Brezza
Suzuki,Wagon R
Suzuki,Wagon R+
Suzuki,Wagon R RR
Suzuki,Wagon R Smile
Suzuki,Wagon R Solio
Suzuki,Wagon R Stingray
Suzuki,Wagon R Wide
Suzuki,X-90
Suzuki,Xbee
Suzuki,XL-7
Suzuki,XL6
Suzuki,XL7
SWM,G01
SWM,G01F
SWM,G03F
SWM,G05
SWM,G05 Pro
SWM,Iron Man
SWM,X2
SWM,X3
SWM,X7
TagAZ,Tager
Tank,300
Tank,400
Tank,500
Tank,700
Tata,207 DI
Tata,Ace
Tata,Ace Gold
Tata,Ace Mega
Tata,Ace Zip
Tata,Altroz
Tata,Aria
Tata,Bolt
Tata,Curvv
Tata,GenX Nano
Tata,H5
Tata,Harrier
Tata,Hexa
Tata,Indica
Tata,Indigo
Tata,Indigo eCS
Tata,Indigo Manza
Tata,Intra V10
Tata,Intra V20
Tata,Intra V30
Tata,Magic
Tata,Magic Express
Tata,Magic Iris
Tata,Manza
Tata,Movus
Tata,Nano
Tata,Nexon
Tata,NRG
Tata,Punch
Tata,Safari
Tata,Safari Storme
Tata,Sumo
Tata,Super Ace
Tata,Tiago
Tata,Tiago NRG
Tata,Tigor
Tata,Vista
Tata,Winger
Tata,Xenon
Tata,Yodha
Tata,Zest
Tenet,T4
Tenet,T7
Tenet,T8
Tesla,Cybertruck
Tesla,Model 3
Tesla,Model S
Tesla,Model X
Tesla,Model Y
Tesla,Roadster
Togg,T10X
Toyota,4Runner
Toyota,86
Toyota,Agya
Toyota,Allex
Toyota,Allion
Toyota,Alphard
Toyota,Altezza
Toyota,Altezza Gita
Toyota,Aqua
Toyota,Aristo
Toyota,Aurion
Toyota,Auris
Toyota,Avalon
Toyota,Avanza
Toyota,Avensis
Toyota,Avensis Verso
Toyota,Aygo
Toyota,Aygo X
Toyota,bB
Toyota,Belta
Toyota,Blade
Toyota,Blizzard
Toyota,Brevis
Toyota,bZ
Toyota,bZ3
Toyota,bZ4X
Toyota,C-HR
Toyota,C+pod
Toyota,Caldina
Toyota,Calya
Toyota,Cami
Toyota,Camry
Toyota,Camry Gracia
Toyota,Carina
Toyota,Carina II
Toyota,Carina E
Toyota,Carina ED
Toyota,Cavalier
Toyota,Celica
Toyota,Celica Supra
Toyota,Celsior
Toyota,Century
Toyota,Chaser
Toyota,Classic
Toyota,Comfort
Toyota,Commuter
Toyota,Copen
Toyota,Corolla
Toyota,Corolla II
Toyota,Corolla Altis
Toyota,Corolla Axio
Toyota,Corolla Ceres
Toyota,Corolla Cross
Toyota,Corolla EX
Toyota,Corolla Fielder
Toyota,Corolla FX
Toyota,Corolla iM
Toyota,Corolla Levin
Toyota,Corolla Quest
Toyota,Corolla Rumion
Toyota,Corolla Runx
Toyota,Corolla Spacio
Toyota,Corolla Sport
Toyota,Corolla Verso
Toyota,Corona
Toyota,Corona Exiv
Toyota,Corona Premio
Toyota,Corona SF
Toyota,Corsa
Toyota,Cresta
Toyota,Crown
Toyota,Crown Athlete
Toyota,Crown Kluger
Toyota,Crown Majesta
Toyota,Crown Royal
Toyota,Crown Signia
Toyota,Curren
Toyota,Cynos
Toyota,Duet
Toyota,Echo
Toyota,Esquire
Toyota,Estima
Toyota,Estima Emina
Toyota,Estima Lucida
Toyota,Etios
Toyota,Etios Cross
Toyota,Etios Liva
Toyota,Etios Valco
Toyota,E'Z
Toyota,FJ Cruiser
Toyota,Fortuner
Toyota,Frontlander
Toyota,FunCargo
Toyota,Gaia
Toyota,Glanza
Toyota,GR Corolla
Toyota,GR Yaris
Toyota,GR86
Toyota,GranAce
Toyota,Grand Hiace
Toyota,Grand Highlander
Toyota,Granvia
Toyota,GT 86
Toyota,Harrier
Toyota,Hiace
Toyota,Hiace Regius
Toyota,Highlander
Toyota,Hilux
Toyota,Hilux Champ
Toyota,Hilux Rangga
Toyota,Hilux Revo
Toyota,Hilux Stout
Toyota,Hilux Surf
Toyota,Innova
Toyota,Innova Cross
Toyota,Innova Crysta
Toyota,Innova HyCross
Toyota,Innova Zenix
Toyota,Ipsum
Toyota,iQ
Toyota,Isis
Toyota,Ist
Toyota,Izoa
Toyota,JPN Taxi
Toyota,Kijang Innova
Toyota,Kijang Innova Zenix
Toyota,Kluger
Toyota,Land Cruiser
Toyota,Land Cruiser Cygnus
Toyota,Land Cruiser Prado
Toyota,Levin
Toyota,Lite Ace
Toyota,Lite Ace Noah
Toyota,Majesty
Toyota,Mark II
Toyota,Mark II Blit
Toyota,Mark II Qualis
Toyota,Mark X
Toyota,Mark X Zio
Toyota,Master Ace Surf
Toyota,Matrix
Toyota,Mega Cruiser
Toyota,Mirai
Toyota,MR-S
Toyota,MR2
Toyota,MR2 Roadster
Toyota,MR2 Spyder
Toyota,Nadia
Toyota,NAV1
Toyota,Noah
Toyota,Opa
Toyota,Origin
Toyota,Paseo
Toyota,Passo
Toyota,Passo Sette
Toyota,Pickup
Toyota,Picnic
Toyota,Pixis Epoch
Toyota,Pixis Joy
Toyota,Pixis Mega
Toyota,Pixis Space
Toyota,Pixis Truck
Toyota,Pixis Van
Toyota,Platz
Toyota,Porte
Toyota,Premio
Toyota,Previa
Toyota,Prius
Toyota,Prius a
Toyota,Prius c
Toyota,Prius Plug-in
Toyota,Prius+
Toyota,Prius Prime
Toyota,Prius v
Toyota,Proace
Toyota,Proace City
Toyota,Proace City Verso
Toyota,Proace Max
Toyota,Proace Verso
Toyota,Probox
Toyota,Progres
Toyota,Pronard
Toyota,Quantum
Toyota,Ractis
Toyota,Raize
Toyota,Raum
Toyota,RAV4
Toyota,RAV4 Prime
Toyota,Regius
Toyota,Regius Ace
Toyota,Reiz
Toyota,Roomy
Toyota,Rukus
Toyota,Rumion
Toyota,Rush
Toyota,Sai
Toyota,Scepter
Toyota,Sequoia
Toyota,Sera
Toyota,Sienna
Toyota,Sienta
Toyota,Soarer
Toyota,Solara
Toyota,Soluna
Toyota,Spade
Toyota,Sparky
Toyota,Sprinter
Toyota,Sprinter Carib
Toyota,Sprinter Marino
Toyota,Sprinter Trueno
Toyota,Starlet
Toyota,Starlet Cross
Toyota,Succeed
Toyota,Supra
Toyota,SW4
Toyota,T100
Toyota,Tacoma
Toyota,Tamaraw
Toyota,Tank
Toyota,Tarago
Toyota,Tercel
Toyota,Touring Hiace
Toyota,Town Ace
Toyota,Town Ace Noah
Toyota,Tundra
Toyota,Urban Cruiser
Toyota,Urban Cruiser Hyryder
Toyota,Urban Cruiser Taisor
Toyota,Van
Toyota,Vanguard
Toyota,Vellfire
Toyota,Veloz
Toyota,Venturer
Toyota,Ventury
Toyota,Venza
Toyota,Verossa
Toyota,Verso
Toyota,Verso S
Toyota,Vienta
Toyota,Vios
Toyota,Vios FS
Toyota,Vista
Toyota,Vista Ardeo
Toyota,Vitz
Toyota,Voltz
Toyota,Voxy
Toyota,Wigo
Toyota,Wildlander
Toyota,WiLL Cypha
Toyota,WiLL Vi
Toyota,WiLL VS
Toyota,Windom
Toyota,Wish
Toyota,xA
Toyota,Yaris
Toyota,Yaris Ativ
Toyota,Yaris Cross
Toyota,Yaris Heykers
Toyota,Yaris iA
Toyota,Yaris L
Toyota,Yaris L X
Toyota,Yaris R
Toyota,Yaris Verso
Toyota,Zelas
Toyota,Zenix
Triumph,Acclaim
Triumph,Dolomite
Triumph,Spitfire
Triumph,Stag
Triumph,TR6
Triumph,TR7
Triumph,TR8
UAZ,2206
UAZ,3303
UAZ,3741
UAZ,3909
UAZ,39094
UAZ,Cargo
UAZ,SGR Classic
UAZ,Hunter
UAZ,Kazak
UAZ,Patriot
UAZ,Patrol
UAZ,Pickup
UAZ,Profi
Vauxhall,Adam
Vauxhall,Agila
Vauxhall,Ampera
Vauxhall,Antara
Vauxhall,Astra
Vauxhall,Astra GTC
Vauxhall,Astra VXR
Vauxhall,Cascada
Vauxhall,Combo
Vauxhall,Combo Cargo
Vauxhall,Combo Life
Vauxhall,Corsa
Vauxhall,Corsa VXR
Vauxhall,Corsavan
Vauxhall,Crossland
Vauxhall,Crossland X
Vauxhall,Grandland
Vauxhall,Grandland X
Vauxhall,Insignia
Vauxhall,Insignia Country Tourer
Vauxhall,Insignia VXR
Vauxhall,Meriva
Vauxhall,Mokka
Vauxhall,Mokka X
Vauxhall,Movano
Vauxhall,Sintra
Vauxhall,Tigra
Vauxhall,Viva
Vauxhall,Vivaro
Vauxhall,Vivaro Life
Vauxhall,VXR8
Vauxhall,Zafira
Vauxhall,Zafira Tourer
VAZ,1111
VAZ,2101
VAZ,2102
VAZ,2103
VAZ,2104
VAZ,2105
VAZ,2106
VAZ,2107
VAZ,2108
VAZ,2109
VAZ,21099
VAZ,2110
VAZ,2111
VAZ,2112
VAZ,2113
VAZ,2114
VAZ,2115
VAZ,2120
VAZ,2121
VAZ,2123
VAZ,2131
VAZ,2328
VAZ,2329
Venucia,D50
Venucia,D60
Venucia,D60 Plus
Venucia,D60EV
Venucia,D60EV Plus
Venucia,E30
Venucia,M50V
Venucia,Morning Wind
Venucia,R30
Venucia,R50
Venucia,R50X
Venucia,T60
Venucia,T60EV
Venucia,T70
Venucia,T70X
Venucia,T90
Venucia,V-Online
Venucia,V-Online DD-i
Venucia,V-Online DD-i Killer Whale
Venucia,VX6
Venucia,Star
VGV,U70
VGV,U70Pro
VGV,U75Plus
VGV,VX7
Victory,K1
Victory,K2
Victory,K3
Victory,K4
Victory,V1
Victory,V2
Victory,V2E
Victory,X1
VinFast,Fadil
VinFast,Herio Green
VinFast,Lux A2.0
VinFast,Lux SA2.0
VinFast,Nerio Green
VinFast,President
VinFast,VF e34
VinFast,VF3
VinFast,VF5
VinFast,VF6
VinFast,VF7
VinFast,VF8
VinFast,VF9
Volkswagen,Amarok
Volkswagen,Ameo
Volkswagen,Arteon
Volkswagen,Arteon SR
Volkswagen,Atlas
Volkswagen,Atlas Cross Sport
Volkswagen,Beetle
Volkswagen,Bora
Volkswagen,Bora SportWagen
Volkswagen,Bora Variant
Volkswagen,C-Trek
Volkswagen,Cabrio
Volkswagen,Caddy
Volkswagen,California
Volkswagen,Caravelle
Volkswagen,CC
Volkswagen,City Golf
Volkswagen,Clasico
Volkswagen,Corrado
Volkswagen,Crafter
Volkswagen,CrossGolf
Volkswagen,Cross Lavida
Volkswagen,CrossPolo
Volkswagen,Cross Santana
Volkswagen,Cross Sport
Volkswagen,CrossTouran
Volkswagen,Cross Up!
Volkswagen,CrossFox
Volkswagen,Derby
Volkswagen,e-Golf
Volkswagen,Eos
Volkswagen,Eurovan
Volkswagen,Fox
Volkswagen,Fusca
Volkswagen,GLI
Volkswagen,Gol
Volkswagen,Golf
Volkswagen,Golf Alltrack
Volkswagen,Golf Cabriolet
Volkswagen,Golf GTI
Volkswagen,Golf Plus
Volkswagen,Golf R
Volkswagen,Golf R Variant
Volkswagen,Golf Sportsvan
Volkswagen,Golf SportWagen
Volkswagen,Golf SV
Volkswagen,Golf Touran
Volkswagen,Golf Variant
Volkswagen,Golf Variant Alltrack
Volkswagen,Gran Lavida
Volkswagen,Gran Santana
Volkswagen,Grand California
Volkswagen,GTI
Volkswagen,ID. Buzz
Volkswagen,ID.UNYX
Volkswagen,ID.3
Volkswagen,ID.4
Volkswagen,ID.4 CROZZ
Volkswagen,ID.4 X
Volkswagen,ID.5
Volkswagen,ID.6 CROZZ
Volkswagen,ID.6 X
Volkswagen,ID.7
Volkswagen,Jetta
Volkswagen,Jetta City
Volkswagen,Jetta GLI
Volkswagen,Jetta SportWagen
Volkswagen,Jetta Variant
Volkswagen,Kombi
Volkswagen,Lamando
Volkswagen,Lamando GTS
Volkswagen,Lamando L
Volkswagen,Lavida
Volkswagen,Lavida Classic
Volkswagen,Lavida Plus
Volkswagen,Lavida XR
Volkswagen,Logus
Volkswagen,Transporter LT
Volkswagen,Lupo
Volkswagen,Magotan
Volkswagen,Multivan
Volkswagen,New Beetle
Volkswagen,Nivus
Volkswagen,Parati
Volkswagen,Passat
Volkswagen,Passat Alltrack
Volkswagen,Passat CC
Volkswagen,Passat Pro
Volkswagen,Passat Variant
Volkswagen,Passat Variant Alltrack
Volkswagen,Phaeton
Volkswagen,Phideon
Volkswagen,Pointer
Volkswagen,Polo
Volkswagen,Polo Classic
Volkswagen,Polo GTI
Volkswagen,Polo Plus
Volkswagen,Polo Sedan
Volkswagen,Polo Track
Volkswagen,Polo Variant
Volkswagen,Polo Vivo
Volkswagen,R32
Volkswagen,Rabbit
Volkswagen,Routan
Volkswagen,Sagitar
Volkswagen,Santana
Volkswagen,Santana GTS
Volkswagen,Saveiro
Volkswagen,Scirocco
Volkswagen,Sedan
Volkswagen,Sharan
Volkswagen,Space Cross
Volkswagen,SpaceFox
Volkswagen,SportVan
Volkswagen,Suran
Volkswagen,T-Cross
Volkswagen,T-Roc
Volkswagen,T-Roc R
Volkswagen,Tacqua
Volkswagen,Taigo
Volkswagen,Taigun
Volkswagen,Talagon
Volkswagen,Taos
Volkswagen,Taro
Volkswagen,Tavendor
Volkswagen,Tayron
Volkswagen,Tayron GTE
Volkswagen,Tayron L
Volkswagen,Tayron X
Volkswagen,Tera
Volkswagen,Teramont
Volkswagen,Teramont X
Volkswagen,Tharu
Volkswagen,Tharu XR
Volkswagen,Tiguan
Volkswagen,Tiguan Allspace
Volkswagen,Tiguan L
Volkswagen,Tiguan L Pro
Volkswagen,Tiguan Limited
Volkswagen,Tiguan X
Volkswagen,Touareg
Volkswagen,Touran
Volkswagen,Touran L
Volkswagen,Transporter
Volkswagen,Up!
Volkswagen,Vanagon
Volkswagen,Vento
Volkswagen,Viloran
Volkswagen,Virtus
Volkswagen,Voyage
Volkswagen,XL1
Volvo,140
Volvo,164
Volvo,240
Volvo,260
Volvo,340
Volvo,360
Volvo,440
Volvo,460
Volvo,480
Volvo,66
Volvo,740
Volvo,760
Volvo,780
Volvo,850
Volvo,940
Volvo,960
Volvo,Amazon
Volvo,C30
Volvo,C40
Volvo,C70
Volvo,EC40
Volvo,EM90
Volvo,ES90
Volvo,EX30
Volvo,EX30 Cross Country
Volvo,EX40
Volvo,EX90
Volvo,S40
Volvo,S60
Volvo,S60 Cross Country
Volvo,S70
Volvo,S80
Volvo,S90
Volvo,V40
Volvo,V40 Cross Country
Volvo,V50
Volvo,V60
Volvo,V60 Cross Country
Volvo,V70
Volvo,V90
Volvo,V90 Cross Country
Volvo,XC40
Volvo,XC60
Volvo,XC70
Volvo,XC90
Vortex,Corda
Vortex,Estina
Vortex,Tingo
Voyah,Dream
Voyah,Free
Voyah,Passion
Weiwang,7
Weiwang,205
Weiwang,306
Weiwang,307
Weiwang,M20
Weiwang,M30
Weiwang,M35
Weiwang,M50F
Weiwang,M60
Weiwang,S50
Weiwang,T205-D
Weltmeister,E.5
Weltmeister,EX5
Weltmeister,EX5-Z
Weltmeister,EX6 Plus
Weltmeister,W6
Wey,3
Wey,5
Wey,7
Wey,80
Wey,Blue Mountain
Wey,Coffee 01
Wey,Coffee 02
Wey,Alpine
Wey,Latte
Wey,Macchiato
Wey,Mocca
Wey,P8
Wey,VV5
Wey,VV6
Wey,VV7
Wuling,Air EV
Wuling,Almaz
Wuling,Almaz RS
Wuling,Alvez
Wuling,Asta (Xingchen)
Wuling,Binguo
Wuling,Binguo Plus
Wuling,Confero
Wuling,Confero S
Wuling,Cortez
Wuling,Cortez S
Wuling,Fighting
Wuling,Formo
Wuling,Formo Max
Wuling,Formo S
Wuling,Hongguang
Wuling,Hongguang Mini EV
Wuling,Hongguang Plus
Wuling,Hongguang S
Wuling,Hongguang S Classic
Wuling,Hongguang S1
Wuling,Hongguang S3
Wuling,Hongguang V
Wuling,Jiachen
Wuling,Journey
Wuling,Nano EV
Wuling,Nebula
Wuling,Rongguang
Wuling,Rongguang Extended
Wuling,Rongguang new Truck
Wuling,Ronggguang S
Wuling,Rongguang Truck
Wuling,Rongguang V
Wuling,Starlight
Wuling,Starlight S
Wuling,Sunshine
Wuling,Sunshine Extended
Wuling,Sunshine S
Wuling,Sunshine Truck
Wuling,Sunshine V
Wuling,Victory
Wuling,Xingchi
Wuling,Yangguang (Sunlight)
Wuling,Yep
Wuling,Zhiguang EV
XCITE,X-Cross 7
XCITE,X-Cross 8
Xiaomi,SU7
Xiaomi,SU7 Ultra
XPeng,G3
XPeng,G3i
XPeng,G6
XPeng,G9
XPeng,Mona M03
XPeng,P5
XPeng,P7
XPeng,P7+
XPeng,P7i
XPeng,X9
Yangwang,U7
Yangwang,U8
Yangwang,U9
Yema,EC30
Yema,EC60
Yema,EC70
Yema,F10
Yema,F12
Yema,F16
Yema,F99
Yema,Spica
Yema,T60
Yema,T70
Yema,T80
ZAZ,Chance
ZAZ,Forza
ZAZ,Lanos
ZAZ,Lanos Cargo
ZAZ,Sens
ZAZ,Vida
ZAZ,Vida Cargo
Zedriv,GC1
Zedriv,GC2
Zedriv,GX5
Zeekr,1
Zeekr,7
Zeekr,9
Zeekr,7X
Zeekr,Mix
Zeekr,X
Zotye,2008
Zotye,5008
Zotye,Cloud
Zotye,Cloud 100
Zotye,Cloud 100plus
Zotye,Cloud 100S
Zotye,Coupa
Zotye,E200
Zotye,E200 Pro
Zotye,M300
Zotye,Nomad
Zotye,Sesame E30
Zotye,SR7
Zotye,SR9
Zotye,T200
Zotye,T300
Zotye,T500
Zotye,T600
Zotye,T600 Coupe
Zotye,T700
Zotye,T700L
Zotye,T800
Zotye,V10
Zotye,Domy X5
Zotye,Domy X7
Zotye,Z100
Zotye,Z200
Zotye,Z200HB
Zotye,Z300
Zotye,Z360
Zotye,Z500
Zotye,Z500EV
Zotye,Z560
Zotye,Z700
Zotye,Z700H
Zotye Jiangnan,T11
Zotye Jiangnan,TT
ZX,Admiral
ZX,Grand Lion 1949
ZX,Grand Lion 1986
ZX,Grand Tiger
ZX,Landmark
ZX,Little Tiger
ZX,Terralord
