brand,model
Abarth,124 Spider
Abarth,500
Abarth,500C
Abarth,500e
Abarth,595
Abarth,595C
Abarth,600e
Abarth,695
Abarth,695C
Abarth,Grande Punto
Abarth,Punto
Abarth,Punto Evo
Acura,ADX
Acura,CDX
Acura,CL
Acura,CL Type-S
Acura,CSX
Acura,EL
Acura,ILX
Acura,Integra
Acura,Integra Type-R
Acura,Integra Type-S
Acura,Legend
Acura,MDX
Acura,NSX
Acura,RDX
Acura,RL
Acura,RLX
Acura,RSX
Acura,SLX
Acura,TL
Acura,TLX
Acura,TLX-L
Acura,TSX
Acura,Vigor
Acura,ZDX
Aion,Hyper GT
Aion,Hyper HT
Aion,Hyper SSR
Aion,LX
Aion,LX Plus
Aion,RT
Aion,S
Aion,S Max
Aion,S Plus
Aion,UT
Aion,V
Aion,V Plus
Aion,Y
Aion,Y Plus
Aito,M5
Aito,M5 Ultra
Aito,M7
Aito,M8
Aito,M9
Aiways,U5
Aiways,U6
Aixam,City
Aixam,Coupe
Aixam,Crossline
Aixam,Crossover
Aixam,D-Truck
Aixam,E-Scouty
Aixam,E-Truck
Aixam,Minauto
Alfa Romeo,145
Alfa Romeo,146
Alfa Romeo,147
Alfa Romeo,155
Alfa Romeo,156
Alfa Romeo,159
Alfa Romeo,164
Alfa Romeo,166
Alfa Romeo,33
Alfa Romeo,4C
Alfa Romeo,75
Alfa Romeo,8C Competizione
Alfa Romeo,90
Alfa Romeo,Alfa 6
Alfa Romeo,Alfasud
Alfa Romeo,Alfetta
Alfa Romeo,Arna
Alfa Romeo,Brera
Alfa Romeo,Crosswagon Q4
Alfa Romeo,Giulia
Alfa Romeo,Giulietta
Alfa Romeo,GT
Alfa Romeo,GTV
Alfa Romeo,Junior
Alfa Romeo,Milano
Alfa Romeo,MiTo
Alfa Romeo,Montreal
Alfa Romeo,RZ
Alfa Romeo,Spider
Alfa Romeo,Sprint
Alfa Romeo,Stelvio
Alfa Romeo,SZ
Alfa Romeo,Tonale
Alpine,A106
Alpine,A108
Alpine,A110
Alpine,A290
Alpine,A310
Alpine,A610
Alpine,GTA
Arcfox,Alpha-S
Arcfox,Alpha-S HI
Arcfox,Alpha-S PRO
Arcfox,Alpha-S5
Arcfox,Alpha-S6
Arcfox,Alpha-T
Arcfox,Alpha-T PRO
Arcfox,Alpha-T5
Arcfox,Alpha-T6
Arcfox,Kaola
Arcfox,Kaola S
ARO,10
ARO,24
Aston Martin,AMV8
Aston Martin,Bulldog
Aston Martin,Cygnet
Aston Martin,DB11
Aston Martin,DB12
Aston Martin,DB7
Aston Martin,DB7 Vantage
Aston Martin,DB9
Aston Martin,DBS
Aston Martin,DBS 770 Ultimate
Aston Martin,DBS Superleggera
Aston Martin,DBX
Aston Martin,DBX707
Aston Martin,Lagonda
Aston Martin,One-77
Aston Martin,Rapide
Aston Martin,Rapide AMR
Aston Martin,Rapide S
Aston Martin,V12 Vanquish
Aston Martin,V12 Vantage
Aston Martin,V12 Zagato
Aston Martin,V8
Aston Martin,V8 Vantage
Aston Martin,V8 Virage
Aston Martin,V8 Zagato
Aston Martin,Valhalla
Aston Martin,Valkyrie
Aston Martin,Valour
Aston Martin,Vanquish
Aston Martin,Vanquish S
Aston Martin,Vantage
Aston Martin,Virage
Audi,100
Audi,200
Audi,4000
Audi,5+5
Audi,5000
Audi,80
Audi,90
Audi,A1
Audi,A1 allstreet
Audi,A1 citycarver
Audi,A2
Audi,A3
Audi,A3 allstreet
Audi,A3L
Audi,A4
Audi,A4 Allroad
Audi,A4L
Audi,A5
Audi,A5L
Audi,A6
Audi,A6 Allroad
Audi,A6 e-tron
Audi,A6L
Audi,A7
Audi,A7L
Audi,A8
Audi,A8L
Audi,Allroad
Audi,Cabriolet
Audi,Coupe
Audi,e-tron
Audi,e-tron GT
Audi,e-tron S
Audi,e-tron S Sportback
Audi,e-tron Sportback
Audi,Q2
Audi,Q2L
Audi,Q2L e-tron
Audi,Q3
Audi,Q3 Sportback
Audi,Q4 e-tron
Audi,Q4 Sportback e-tron
Audi,Q5
Audi,Q5 e-tron
Audi,Q5 Sportback
Audi,Q5L
Audi,Q5L Sportback
Audi,Q6
Audi,Q6 e-tron
Audi,Q6 Sportback e-tron
Audi,Q6L e-tron
Audi,Q6L Sportback e-tron
Audi,Q7
Audi,Q8
Audi,Q8 e-tron
Audi,Q8 Sportback e-tron
Audi,R8
Audi,RS e-tron GT
Audi,RS Q3
Audi,RS Q3 Sportback
Audi,RS Q8
Audi,RS2
Audi,RS3
Audi,RS4
Audi,RS5
Audi,RS6
Audi,RS7
Audi,S e-tron GT
Audi,S1
Audi,S2
Audi,S3
Audi,S4
Audi,S5
Audi,S6
Audi,S6 e-tron
Audi,S7
Audi,S8
Audi,S8L
Audi,SQ2
Audi,SQ5
Audi,SQ5 Sportback
Audi,SQ6 e-tron
Audi,SQ6 Sportback e-tron
Audi,SQ7
Audi,SQ8
Audi,SQ8 e-tron
Audi,SQ8 Sportback e-tron
Audi,TT
Audi,TT RS
Audi,TT S
Audi,V8
Avatr,011
Avatr,07
Avatr,11
Avatr,12
BAIC,Beijing 3
BAIC,Beijing 5
BAIC,Beijing 7
BAIC,Senova A1
BAIC,A5
BAIC,B30 Dune
BAIC,B40 Plus
BAIC,B40 Ragnar
BAIC,B60 Beaumont
BAIC,B80
BAIC,Bayanihan H5
BAIC,BJ20
BAIC,BJ30
BAIC,BJ40
BAIC,BJ40 C
BAIC,BJ40 Plus
BAIC,BJ40 SE
BAIC,BJ40L
BAIC,Beijing BJ60
BAIC,BJ80
BAIC,BJ90
BAIC,E-Series
BAIC,ES210
BAIC,EU260
BAIC,Beijing EU5
BAIC,Beijing EU5 Plus
BAIC,Beijing EU7
BAIC,EV150
BAIC,EV200
BAIC,EV5
BAIC,F40
BAIC,Freedom
BAIC,M20
BAIC,M50S
BAIC,M60
BAIC,MZ40
BAIC,MZ45
BAIC,Senova CC
BAIC,Senova D20
BAIC,Senova D50
BAIC,Senova D60
BAIC,Senova D70
BAIC,Senova D80
BAIC,Senova X25
BAIC,Senova X35
BAIC,Senova X55
BAIC,Senova X65
BAIC,Senova Zhixing
BAIC,U5
BAIC,Beijing U5 Plus
BAIC,Beijing U7
BAIC,Beijing X3
BAIC,X30
BAIC,X35
BAIC,X424
BAIC,Beijing X5
BAIC,Beijing X55
BAIC,Beijing X55 Plus
BAIC,Beijing X6
BAIC,Beijing X7
BAIC,X75
Bajaj,Qute
Baojun,310
Baojun,310W
Baojun,330
Baojun,360
Baojun,510
Baojun,530
Baojun,560
Baojun,610
Baojun,630
Baojun,730
Baojun,Cloud
Baojun,E100
Baojun,E200
Baojun,E300
Baojun,E300 Plus
Baojun,KiWi EV
Baojun,Lechi
Baojun,RC-5
Baojun,RC-6
Baojun,RM-5
Baojun,RS-3
Baojun,RS-5
Baojun,Sea Of Clouds
Baojun,Valli
Baojun,Yep
Baojun,Yep Plus
BAW,A00 Pony
BAW,Ace EM7
BAW,Ace M7
BAW,BJ2022 Warrior
BAW,BJ212
BAW,BW007
BAW,Gladiator
BAW,Leopard
BAW,Luba
BAW,Luling
BAW,Pickup
BAW,Qishi S12
BAW,Ruiling
BAW,Whale Card T6
BAW,Whale Card T7
BAW,Warrior Pickup
BAW,Yueling
BAW,Zhanqi
BAW,Zhanqi Pickup
Belgee,S50
Belgee,X50
Belgee,X70
Bentley,Arnage
Bentley,Azure
Bentley,Bentayga
Bentley,Brooklands
Bentley,Continental
Bentley,Continental Flying Spur
Bentley,Continental GT
Bentley,Continental GTC
Bentley,Continental Supersports
Bentley,Flying Spur
Bentley,Mulsanne
BAIC BJEV,EC220
BAIC BJEV,EC3
BAIC BJEV,EC5
BAIC BJEV,EU300
BAIC BJEV,EU5
BAIC BJEV,EU5 Plus
BAIC BJEV,EU7
BAIC BJEV,EX3
BAIC BJEV,EX360
BAIC BJEV,EX5
BAIC BJEV,Lite
BMW,1 Series
BMW,2 Series
BMW,2 Series Active Tourer
BMW,2 Series Gran Coupe
BMW,2 Series Gran Tourer
BMW,3 Series
BMW,3 Series Gran Turismo
BMW,4 Series
BMW,4 Series Gran Coupe
BMW,5 Series
BMW,5 Series Gran Turismo
BMW,6 Series
BMW,6 Series Gran Turismo
BMW,7 Series
BMW,8 Series
BMW,E9
BMW,i3
BMW,i4
BMW,i5
BMW,i7
BMW,i8
BMW,iX
BMW,iX1
BMW,iX2
BMW,iX3
BMW,M Coupe
BMW,M Roadster
BMW,M1
BMW,M2
BMW,M3
BMW,M4
BMW,M5
BMW,M6
BMW,M8
BMW,X1
BMW,X2
BMW,X3
BMW,X3 M
BMW,X4
BMW,X4 M
BMW,X5
BMW,X5 M
BMW,X6
BMW,X6 M
BMW,X7
BMW,XM
BMW,Z3
BMW,Z4
BMW,Z8
BMW Alpina,B10
BMW Alpina,B11
BMW Alpina,B12
BMW Alpina,B3
BMW Alpina,B4
BMW Alpina,B5
BMW Alpina,B6
BMW Alpina,B7
BMW Alpina,B8
BMW Alpina,D10
BMW Alpina,D3
BMW Alpina,D4
BMW Alpina,D5
BMW Alpina,Roadster
BMW Alpina,XB7
BMW Alpina,XD3
BMW Alpina,XD4
Borgward,BX3
Borgward,BX5
Borgward,BX6
Borgward,BX7
Borgward,BX7 TS
Borgward,BXi7
Brilliance,BS4
Brilliance,BS6
Brilliance,Dolphin
Brilliance,FRV
Brilliance,FRV Cross
Brilliance,FSV
Brilliance,H220
Brilliance,H230
Brilliance,H230EV
Brilliance,H3
Brilliance,H320
Brilliance,H330
Brilliance,H530
Brilliance,M1
Brilliance,M2
Brilliance,M3
Brilliance,V3
Brilliance,V5
Brilliance,V6
Brilliance,V7
Bugatti,Centodieci
Bugatti,Chiron
Bugatti,Divo
Bugatti,EB110
Bugatti,EB16.4 Veyron
Bugatti,EB112
Bugatti,Veyron
Bugatti,W16 Mistral
Buick,Allure
Buick,Cascada
Buick,Century
Buick,Electra
Buick,Electra E4
Buick,Electra E4 GS
Buick,Electra E5
Buick,Enclave
Buick,Encore
Buick,Encore GX
Buick,Encore Plus
Buick,Envision
Buick,Envision Plus
Buick,Envision S
Buick,Envision S GS
Buick,Envista
Buick,Envista GS
Buick,Excelle
Buick,Excelle GT
Buick,Excelle GX
Buick,Excelle XT
Buick,GL6
Buick,GL8
Buick,GL8 ES
Buick,GL8 LS
Buick,GL8 PHEV
Buick,Grand National
Buick,LaCrosse
Buick,LeSabre
Buick,Lucerne
Buick,Park Avenue
Buick,Rainier
Buick,Regal
Buick,Regal GS
Buick,Regal TourX
Buick,Rendezvous
Buick,Riviera
Buick,Roadmaster
Buick,Royaum
Buick,Sail
Buick,Skylark
Buick,Terraza
Buick,Velite 5
Buick,Velite 6
Buick,Velite 7
Buick,Verano
Buick,Verano GS
Buick,Verano Pro
Buick,Verano Pro GS
Buick,Wildcat
BYD,Atto 2
BYD,Atto 3
BYD,D1
BYD,Destroyer 05
BYD,Dolphin
BYD,Dolphin mini
BYD,Dolphin Plus
BYD,e1
BYD,e2
BYD,e3
BYD,e5
BYD,e6
BYD,F0
BYD,F3
BYD,F3R
BYD,F5
BYD,F6
BYD,F7
BYD,Flyer
BYD,Frigate 07
BYD,G3
BYD,G3R
BYD,G5
BYD,G6
BYD,Han
BYD,Han L
BYD,King
BYD,L3
BYD,M3
BYD,M6
BYD,Qin
BYD,Qin L
BYD,Qin Plus
BYD,Qin Pro
BYD,S2
BYD,S3
BYD,S5
BYD,S6
BYD,S7
BYD,S8
BYD,Sea Lion 05
BYD,Sea Lion 07
BYD,Sea Lion 6
BYD,Seagull
BYD,Seal
BYD,Seal 05
BYD,Seal 06 GT
BYD,Seal 07
BYD,Seal 06
BYD,Seal U
BYD,Shark
BYD,Shark 6
BYD,Sirui
BYD,Song
BYD,Song L
BYD,Song MAX
BYD,Song Plus
BYD,Song Pro
BYD,T3
BYD,Tan
BYD,Tang
BYD,Tang L
BYD,Xia
BYD,Yangwang U8
BYD,Yuan
BYD,Yuan EV
BYD,Yuan Plus
BYD,Yuan Pro
BYD,Yuan Up
Cadillac,Allante
Cadillac,ATS
Cadillac,ATS-L
Cadillac,ATS-V
Cadillac,BLS
Cadillac,Brougham
Cadillac,Catera
Cadillac,CT4
Cadillac,CT4-V
Cadillac,CT5
Cadillac,CT5-V
Cadillac,CT6
Cadillac,CT6-V
Cadillac,CTS
Cadillac,CTS-V
Cadillac,DeVille
Cadillac,DTS
Cadillac,Eldorado
Cadillac,ELR
Cadillac,Escalade
Cadillac,Escalade IQ
Cadillac,Escalade-V
Cadillac,Fleetwood
Cadillac,Fleetwood Brougham
Cadillac,GT4
Cadillac,Lyriq
Cadillac,Lyriq-V
Cadillac,Optiq
Cadillac,Optiq-V
Cadillac,Seville
Cadillac,SLS
Cadillac,SRX
Cadillac,STS
Cadillac,STS-V
Cadillac,Vistiq
Cadillac,XLR
Cadillac,XLR-V
Cadillac,XT4
Cadillac,XT5
Cadillac,XT6
Cadillac,XTS
Casalini,550
Casalini,M20
Changan,A800
Changan,Alsvin
Changan,Alsvin V3
Changan,Alsvin V5
Changan,Alsvin V7
Changan,Benni
Changan,Benni Love
Changan,Benni Mini
Changan,CS1
Changan,CS15
Changan,CS15EV
Changan,CS35
Changan,CS35 Plus
Changan,CS55
Changan,CS55 Plus
Changan,CS75
Changan,CS75 Plus
Changan,CS75 Pro
Changan,CS85 Coupe
Changan,CS95
Changan,CS95 Plus
Changan,CX20
Changan,CX30
Changan,CX70
Changan,CX70T
Changan,Eado
Changan,Eado DT
Changan,Eado ET
Changan,Eado EV
Changan,Eado Plus
Changan,Eado XT
Changan,Explorer
Changan,F70 Blue Whale
Changan,G10
Changan,Honor
Changan,Honor S
Changan,Hunter
Changan,Hunter Plus
Changan,Lamore
Changan,Linmax
Changan,Lumin
Changan,Ossan
Changan,Nevo A05
Changan,Nevo A07
Changan,Nevo Q05
Changan,Raeton
Changan,Raeton CC
Changan,Raeton Plus
Changan,S50
Changan,Star 5
Changan,Star 9
Changan,UNI-K
Changan,UNI-S
Changan,UNI-T
Changan,UNI-V
Changan,UNI-Z
Changan,X5 Plus
Changan,Oshan X7
Changan,X7 Plus
Changan,Z-Shine
Changan Qiyuan Nevo,A05
Changan Qiyuan Nevo,A07
Changan Qiyuan Nevo,E07
Changan Qiyuan Nevo,Q05
Changan Qiyuan Nevo,Q07
Changhe,A6
Changhe,Beidouxing
Changhe,Beidouxing X5
Changhe,Beidouxing X5E
Changhe,EC100
Changhe,EV2
Changhe,EV5
Changhe,Fortune
Changhe,Freedom
Changhe,Ideal
Changhe,K21
Changhe,K22
Changhe,M50
Changhe,M50S
Changhe,M60
Changhe,M70
Changhe,Q25
Changhe,Q35
Changhe,Q7
Chery,A1
Chery,A113
Chery,A13
Chery,A3
Chery,A5
Chery,Aika
Chery,Alia
Chery,Amulet
Chery,Arauca
Chery,Arrizo 3
Chery,Arrizo 5
Chery,Arrizo 5 GT
Chery,Arrizo 5 Plus
Chery,Arrizo 5e
Chery,Arrizo 6
Chery,Arrizo 6 Pro
Chery,Arrizo 7
Chery,Arrizo 7e
Chery,Arrizo 8
Chery,Arrizo 8 Pro
Chery,Arrizo e
Chery,Arrizo GX
Chery,Arrizo M7
Chery,B14
Chery,Beat
Chery,Bonus
Chery,Bonus 3
Chery,Campus
Chery,Celer
Chery,Chance
Chery,Cielo
Chery,Cowin
Chery,Cowin1
Chery,Cowin2
Chery,Cowin3
Chery,Cristal
Chery,CrossEastar
Chery,Cruise
Chery,Destiny
Chery,E3
Chery,E5
Chery,E8
Chery,Eastar
Chery,Ego
Chery,Elara
Chery,eQ
Chery,eQ1
Chery,eQ5
Chery,eQ7
Chery,Explore 06
Chery,Face
Chery,Fora
Chery,Fulwin
Chery,Fulwin 2
Chery,FX
Chery,Grand Tiger
Chery,Grand Tiggo
Chery,H5
Chery,iCar
Chery,IndiS
Chery,iQ
Chery,J1
Chery,J11
Chery,J2
Chery,J3
Chery,J5
Chery,Jaggi
Chery,Karry K60
Chery,Kimo
Chery,Little Ant
Chery,M11
Chery,Maxime
Chery,Nice
Chery,Niche
Chery,Omoda 5
Chery,Omoda 5 GT
Chery,Omoda E5
Chery,Orinoco
Chery,P10
Chery,Practivan Karry
Chery,Q
Chery,Q22
Chery,Q22L
Chery,QQ
Chery,QQ Ice Cream
Chery,QQ3
Chery,QQ6
Chery,QQme
Chery,S-18
Chery,S21
Chery,S22
Chery,Skin
Chery,Sweet
Chery,Tengo
Chery,Tiggo
Chery,Tiggo 2
Chery,Tiggo 2 Pro
Chery,Tiggo 2 Pro Max
Chery,Tiggo 3
Chery,Tiggo 3 Pro
Chery,Tiggo 3x
Chery,Tiggo 3x Excellence Edition
Chery,Tiggo 3x Plus
Chery,Tiggo 3xe
Chery,Tiggo 4
Chery,Tiggo 4 Pro
Chery,Tiggo 5
Chery,Tiggo 5x
Chery,Tiggo 5x Excellence Edition
Chery,Tiggo 5x High Energy
Chery,Tiggo 5x Plus
Chery,Tiggo 5x Pro
Chery,Tiggo 5x Sport
Chery,Tiggo 7
Chery,Tiggo 7 C-DM
Chery,Tiggo 7 Excellence Edition
Chery,Tiggo 7 High Energy
Chery,Tiggo 7 Plus
Chery,Tiggo 7 Pro
Chery,Tiggo 7 Pro Max
Chery,Tiggo 7L
Chery,Tiggo 8
Chery,Tiggo 8 Excellence Edition
Chery,Tiggo 8 Honor Edition
Chery,Tiggo 8 Plus
Chery,Tiggo 8 Plus C-DM
Chery,Tiggo 8 Pro
Chery,Tiggo 8 Pro Max
Chery,Tiggo 8L
Chery,Tiggo 9
Chery,Tiggo 9 C-DM
Chery,Tiggo Cross
Chery,Tiggo e
Chery,Tiggo FL
Chery,Transcab
Chery,Transcar
Chery,Transcom
Chery,Unbounded Pro
Chery,V5 Crossover
Chery,Very
Chery,X1
Chery,XCross
Chery,Yoki
Chery,Yoya
Chery,Yoyo
CheryExeed,TXL
Chevrolet,Agile
Chevrolet,Alero
Chevrolet,Astra
Chevrolet,Astro
Chevrolet,Avalanche
Chevrolet,Avalanche 1500
Chevrolet,Avalanche 2500
Chevrolet,Aveo
Chevrolet,Aveo Family
Chevrolet,Aveo U-VA
Chevrolet,Aveo5
Chevrolet,Beat
Chevrolet,Beat NB
Chevrolet,Bel Air
Chevrolet,Beretta
Chevrolet,Biscayne
Chevrolet,Blazer
Chevrolet,Blazer EV
Chevrolet,Bolt EV
Chevrolet,Bolt EUV
Chevrolet,BrightDrop
Chevrolet,C10
Chevrolet,C1500
Chevrolet,C1500 Suburban
Chevrolet,C20
Chevrolet,C2500
Chevrolet,C2500 Suburban
Chevrolet,C30
Chevrolet,C3500
Chevrolet,Camaro
Chevrolet,Caprice
Chevrolet,Captiva
Chevrolet,Captiva Sport
Chevrolet,Cavalier
Chevrolet,Celebrity
Chevrolet,Celta
Chevrolet,Chevelle
Chevrolet,Chevy
Chevrolet,Chevy II
Chevrolet,Chevy II Nova
Chevrolet,Chevy Pickup
Chevrolet,Cheyenne
Chevrolet,City Express
Chevrolet,Classic
Chevrolet,Cobalt
Chevrolet,Colorado
Chevrolet,Corsa
Chevrolet,Corsa Classic
Chevrolet,Corsica
Chevrolet,Corvair
Chevrolet,Corvette
Chevrolet,Cruze
Chevrolet,Cruze Limited
Chevrolet,Cruze Sport6 RS
Chevrolet,D-Max
Chevrolet,Damas
Chevrolet,El Camino
Chevrolet,Enjoy
Chevrolet,Epica
Chevrolet,Equinox
Chevrolet,Equinox EV
Chevrolet,Equinox Plus
Chevrolet,Evanda
Chevrolet,Express 1500
Chevrolet,Express 2500
Chevrolet,Express 3500
Chevrolet,Express Cargo
Chevrolet,Express Max
Chevrolet,Express Pasajeros
Chevrolet,G10 Van
Chevrolet,G20 Van
Chevrolet,G30 Van
Chevrolet,Groove
Chevrolet,HHR
Chevrolet,HHR SS
Chevrolet,Impala
Chevrolet,Impala Limited
Chevrolet,Joy
Chevrolet,Joy Plus
Chevrolet,K10
Chevrolet,K1500
Chevrolet,K1500 Suburban
Chevrolet,K20
Chevrolet,K2500
Chevrolet,K2500 Suburban
Chevrolet,K3500
Chevrolet,Kadett
Chevrolet,Kalos
Chevrolet,Labo
Chevrolet,Lacetti
Chevrolet,Lanos
Chevrolet,Lova
Chevrolet,Lova RV
Chevrolet,Lumina
Chevrolet,Lumina APV
Chevrolet,Lumina Van
Chevrolet,LUV
Chevrolet,Malibu
Chevrolet,Malibu Limited
Chevrolet,Malibu Maxx
Chevrolet,Malibu XL
Chevrolet,Matiz
Chevrolet,Menlo
Chevrolet,Meriva
Chevrolet,Metro
Chevrolet,Montana
Chevrolet,Monte Carlo
Chevrolet,Monza
Chevrolet,Move N300
Chevrolet,MW
Chevrolet,N300
Chevrolet,N400
Chevrolet,Nexia
Chevrolet,Niva
Chevrolet,Nova
Chevrolet,Nubira
Chevrolet,Omega
Chevrolet,Onix
Chevrolet,Onix Activ
Chevrolet,Onix Joy
Chevrolet,Onix Plus
Chevrolet,Optra
Chevrolet,Orlando
Chevrolet,Prisma
Chevrolet,Prisma Joy
Chevrolet,Prizm
Chevrolet,R1500 Suburban
Chevrolet,R2500 Suburban
Chevrolet,Rezzo
Chevrolet,S10
Chevrolet,S10 Blazer
Chevrolet,S10 Max
Chevrolet,Sail
Chevrolet,Sail Life
Chevrolet,Sail3
Chevrolet,Savana
Chevrolet,Seeker
Chevrolet,Silverado
Chevrolet,Silverado 1500
Chevrolet,Silverado 1500 Classic
Chevrolet,Silverado 1500 HD
Chevrolet,Silverado 1500 HD Classic
Chevrolet,Silverado 1500 LD
Chevrolet,Silverado 1500 Limited
Chevrolet,Silverado 2500
Chevrolet,Silverado 2500 HD
Chevrolet,Silverado 2500 HD Classic
Chevrolet,Silverado 3500
Chevrolet,Silverado 3500 Classic
Chevrolet,Silverado 3500 HD
Chevrolet,Silverado EV
Chevrolet,Silverado LD
Chevrolet,Sonic
Chevrolet,Sonora
Chevrolet,Spark
Chevrolet,Spark Activ
Chevrolet,Spark Classic
Chevrolet,Spark EUV
Chevrolet,Spark EV
Chevrolet,Spark GT
Chevrolet,Spark GT Activ
Chevrolet,Spark Life
Chevrolet,Spin
Chevrolet,Spin Activ
Chevrolet,Sprint
Chevrolet,SS
Chevrolet,SSR
Chevrolet,Suburban
Chevrolet,Suburban 1500
Chevrolet,Suburban 2500
Chevrolet,C20 Suburban
Chevrolet,R20 Suburban
Chevrolet,T-Series
Chevrolet,Tacuma
Chevrolet,Tahoe
Chevrolet,Tavera
Chevrolet,Tigra
Chevrolet,Tornado
Chevrolet,Tornado Van
Chevrolet,Tracker
Chevrolet,Tracker RS
Chevrolet,TrailBlazer
Chevrolet,TrailBlazer EXT
Chevrolet,Trans Sport
Chevrolet,Traverse
Chevrolet,Traverse Limited
Chevrolet,Trax
Chevrolet,Uplander
Chevrolet,Utility
Chevrolet,V1500 Suburban
Chevrolet,V2500 Suburban
Chevrolet,Vectra
Chevrolet,Venture
Chevrolet,Viva
Chevrolet,Vivant
Chevrolet,Volt
Chevrolet,Zafira
Chirey,Arrizo 8
Chirey,Omoda 5
Chirey,Tiggo 2 Pro
Chirey,Tiggo 4 Pro
Chirey,Tiggo 7 Pro
Chirey,Tiggo 7 Pro Max
Chirey,Tiggo 8 Pro
Chirey,Tiggo 8 Pro Max
Chrysler,200
Chrysler,300
Chrysler,300C
Chrysler,300C SRT-8
Chrysler,300M
Chrysler,Aspen
Chrysler,Cirrus
Chrysler,Concorde
Chrysler,Crossfire
Chrysler,Dynasty
Chrysler,Fifth Avenue
Chrysler,Grand Caravan
Chrysler,Grand Voyager
Chrysler,LeBaron
Chrysler,LHS
Chrysler,Neon
Chrysler,New Yorker
Chrysler,Newport
Chrysler,Pacifica
Chrysler,PT Cruiser
Chrysler,Saratoga
Chrysler,Sebring
Chrysler,Town & Country
Chrysler,Vision
Chrysler,Voyager
Ciimo,Ciimo
Ciimo,M-NV
Ciimo,X-NV
Cirelli,1
Cirelli,2
Cirelli,3
Cirelli,4
Cirelli,5
Cirelli,7
Cirelli,8
Cirelli,Sport Coupe
Citroën,Aircross
Citroën,Ami
Citroën,Ax
Citroën,Basalt
Citroën,Berlingo
Citroën,Berlingo Multispace
Citroën,Beyond
Citroën,Bx
Citroën,C-Crosser
Citroën,C-Elysée
Citroën,C-Quatrè
Citroën,C-Triomphe
Citroën,C-Zero
Citroën,C1
Citroën,C2
Citroën,C3
Citroën,C3 Aircross
Citroën,C3 Picasso
Citroën,C3 Pluriel
Citroën,C3-XR
Citroën,C3L
Citroën,C4
Citroën,C4 Aircross
Citroën,C4 Cactus
Citroën,C4 Picasso
Citroën,C4 Sega
Citroën,C4 SpaceTourer
Citroën,C4 X
Citroën,C4L
Citroën,C5
Citroën,C5 Aircross
Citroën,C5 X
Citroën,C6
Citroën,C8
Citroën,CX
Citroën,Dispatch
Citroën,DS3
Citroën,DS4
Citroën,DS5
Citroën,E-Mehari
Citroën,Elysée
Citroën,Evasion
Citroën,Fukang
Citroën,Grand C4 Picasso
Citroën,Grand C4 SpaceTourer
Citroën,Holidays
Citroën,Jumper
Citroën,Jumpy
Citroën,Nemo
Citroën,Relay
Citroën,Saxo
Citroën,SpaceTourer
Citroën,Synergie
Citroën,Xantia
Citroën,Xm
Citroën,Xsara
Citroën,Xsara Picasso
Citroën,ZX
Cupra,Ateca
Cupra,Born
Cupra,Formentor
Cupra,Leon
Cupra,Tavascan
Cupra,Terramar
Dacia,Bigster
Dacia,Dokker
Dacia,Dokker Express
Dacia,Dokker Stepway
Dacia,Duster
Dacia,Jogger
Dacia,Lodgy
Dacia,Lodgy Stepway
Dacia,Logan
Dacia,Logan MCV
Dacia,Logan MCV Stepway
Dacia,Sandero
Dacia,Sandero Stepway
Dacia,Solenza
Dacia,Spring
Dacia,SupeRNova
Daewoo,Arcadia
Daewoo,Chairman
Daewoo,Damas
Daewoo,Espero
Daewoo,Evanda
Daewoo,Fino
Daewoo,G2X
Daewoo,Gentra
Daewoo,Kalos
Daewoo,Korando
Daewoo,Lacetti
Daewoo,Lanos
Daewoo,Sens
Daewoo,Le Mans
Daewoo,Leganza
Daewoo,Lublin
Daewoo,Magnus
Daewoo,Matiz
Daewoo,Musso
Daewoo,Nexia
Daewoo,Nubira
Daewoo,Prince
Daewoo,Racer
Daewoo,Rezzo
Daewoo,Statesman
Daewoo,Tacuma
Daewoo,Tico
Daewoo,Tosca
Daewoo,Veritas
Daewoo,Winstorm
Daihatsu,Altis
Daihatsu,Applause
Daihatsu,Atrai
Daihatsu,Atrai 7
Daihatsu,Atrai Wagon
Daihatsu,Ayla
Daihatsu,Be-Go
Daihatsu,Boon
Daihatsu,Boon Luminas
Daihatsu,Cast Activa
Daihatsu,Cast Sport
Daihatsu,Cast Style
Daihatsu,Charade
Daihatsu,Coo
Daihatsu,Copen
Daihatsu,Cuore
Daihatsu,Delta Wagon
Daihatsu,Delta Wide
Daihatsu,Esse
Daihatsu,Feroza
Daihatsu,Gran Max
Daihatsu,Gran Move
Daihatsu,Hi-Max
Daihatsu,Hijet
Daihatsu,Hijet Caddie
Daihatsu,Hijet Truck
Daihatsu,Leeza
Daihatsu,Luxio
Daihatsu,Materia
Daihatsu,Max
Daihatsu,Mebius
Daihatsu,Mira
Daihatsu,Mira Avy
Daihatsu,Mira Cocoa
Daihatsu,Mira Custom
Daihatsu,Mira e:S
Daihatsu,Mira Gino
Daihatsu,Mira Gino 1000
Daihatsu,Mira Tocot
Daihatsu,Move
Daihatsu,Move Canbus
Daihatsu,Move Conte
Daihatsu,Move Conte Custom
Daihatsu,Move Custom
Daihatsu,Move Latte
Daihatsu,Naked
Daihatsu,Opti
Daihatsu,Pyzar
Daihatsu,Rocky
Daihatsu,Rugger
Daihatsu,Sigra
Daihatsu,Sirion
Daihatsu,Sonica
Daihatsu,Storia
Daihatsu,Taft
Daihatsu,Tanto
Daihatsu,Tanto Custom
Daihatsu,Tanto Exe
Daihatsu,Tanto Exe Custom
Daihatsu,Tanto FunCross
Daihatsu,Terios
Daihatsu,Terios Kid
Daihatsu,Terios Lucia
Daihatsu,Thor
Daihatsu,Thor Custom
Daihatsu,Trevis
Daihatsu,Wake
Daihatsu,Xenia
Daihatsu,YRV
Datsun,240Z
Datsun,260Z
Datsun,280Z
Datsun,280ZX
Datsun,Cross
Datsun,GO
Datsun,GO+
Datsun,mi-DO
Datsun,on-DO
Datsun,redi-GO
Deepal,E07
Deepal,G318
Deepal,Hunter K50
Deepal,L06
Deepal,L07
Deepal,S05
Deepal,S07
Deepal,S09
Deepal,S7
Deepal,SL03
Denza,400
Denza,500
Denza,D9
Denza,N7
Denza,N8
Denza,N9
Denza,X
Denza,Z9
Denza,Z9 GT
Dodge,Aries
Dodge,Attitude
Dodge,Avenger
Dodge,Ram Van B150
Dodge,Ram Van B250
Dodge,Ram Van B350
Dodge,Caliber
Dodge,Caliber SRT
Dodge,Caravan
Dodge,Challenger
Dodge,Challenger SRT
Dodge,Charger
Dodge,Charger Pursuit
Dodge,Charger SRT
Dodge,Colt
Dodge,D150
Dodge,Dakota
Dodge,Dart
Dodge,Durango
Dodge,Durango SRT
Dodge,Dynasty
Dodge,Forza
Dodge,Grand Caravan
Dodge,Hornet
Dodge,Intrepid
Dodge,JC
Dodge,Journey
Dodge,Magnum
Dodge,Magnum SRT
Dodge,Monaco
Dodge,Neon
Dodge,Neon SRT
Dodge,Nitro
Dodge,Ram 1500
Dodge,Ram 2500
Dodge,Ram 3500
Dodge,Ram SRT
Dodge,Royal Monaco
Dodge,Spirit
Dodge,Sprinter
Dodge,Stealth
Dodge,Stratus
Dodge,Ram Van B1500
Dodge,Ram Van B2500
Dodge,Ram Van B3500
Dodge,Viper
Dodge,Vision
Dongfeng,Glory 330
Dongfeng,Glory 330S
Dongfeng,Glory 360
Dongfeng,Glory 370
Dongfeng,Glory 380
Dongfeng,Glory 500
Dongfeng,Glory 560
Dongfeng,Glory 580
Dongfeng,Glory 580 Pro
Dongfeng,Glory 580 Red Star
Dongfeng,Aeolus A30
Dongfeng,Aeolus A60
Dongfeng,A60 MAX
Dongfeng,Aeolus A9
Dongfeng,Ace (Yipai) 007
Dongfeng,Ace (Yipai) 008
Dongfeng,Aeolus Shine
Dongfeng,Aeolus Shine GS
Dongfeng,Aeolus Shine Mach Edition
Dongfeng,Aeolus Shine MAX
Dongfeng,Aeolus AX3
Dongfeng,Aeolus AX4
Dongfeng,Aeolus AX5
Dongfeng,Aeolus AX7
Dongfeng,Aeolus AX7 Classic
Dongfeng,Aeolus AX7 Mach
Dongfeng,Aeolus AX7 Pro
Dongfeng,Nammi Box
Dongfeng,Sokon C31
Dongfeng,Sokon C31S
Dongfeng,Sokon C32
Dongfeng,Sokon C32S
Dongfeng,Sokon C35
Dongfeng,Sokon C36
Dongfeng,Sokon C37
Dongfeng,Sokon C51
Dongfeng,Sokon C51L
Dongfeng,Sokon C52
Dongfeng,Sokon C52L
Dongfeng,Sokon C56
Dongfeng,Sokon C71
Dongfeng,Sokon C72
Dongfeng,Forthing CM7
Dongfeng,Sokon D51
Dongfeng,Sokon D52
Dongfeng,Sokon D71
Dongfeng,Sokon D71 Plus
Dongfeng,Sokon D72
Dongfeng,Sokon D72 Plus
Dongfeng,DF6
Dongfeng,Glory E1
Dongfeng,Seres E3
Dongfeng,Aeolus E30
Dongfeng,Glory E380
Dongfeng,Aeolus E70
Dongfeng,Aeolus E70 Pro
Dongfeng,Ruichi EC31
Dongfeng,Ruichi EC31L
Dongfeng,Ruichi EC31S
Dongfeng,Ruichi EC35
Dongfeng,Sokon EC36
Dongfeng,Ruichi EC55
Dongfeng,Ruichi EC71L
Dongfeng,Ruichi EC72
Dongfeng,Ruichi EC75
Dongfeng,Ruichi ED71
Dongfeng,Ruichi ED75
Dongfeng,Ruichi EK01S
Dongfeng,EM30-RTT
Dongfeng,Ruichi ES50
Dongfeng,ES500
Dongfeng,Nano EX1
Dongfeng,Nano EX1 Pro
Dongfeng,Forthing F600
Dongfeng,Fengon 5
Dongfeng,Fengon 500
Dongfeng,Fengon 580
Dongfeng,Fengon 7
Dongfeng,Forthing Friday
Dongfeng,Gelora
Dongfeng,Glory i-Auto
Dongfeng,H30
Dongfeng,H30 Cross
Dongfeng,Aeolus Haohan
Dongfeng,Aeolus Haoji
Dongfeng,Aeolus Huge
Dongfeng,Hushi
Dongfeng,Glory ix5
Dongfeng,Glory ix7
Dongfeng,Forthing Joyear
Dongfeng,Forthing Joyear S50
Dongfeng,Forthing Joyear S50EV
Dongfeng,Forthing Joyear SUV
Dongfeng,Forthing Joyear X3
Dongfeng,Forthing Joyear X5
Dongfeng,Forthing Joyear X6
Dongfeng,Forthing Joyear XV
Dongfeng,JustFor CV03
Dongfeng,Sokon K01
Dongfeng,Sokon K02
Dongfeng,Sokon K05S
Dongfeng,Sokon K06
Dongfeng,Sokon K07
Dongfeng,Sokon K07 II
Dongfeng,Sokon K07S
Dongfeng,K17
Dongfeng,K32
Dongfeng,K33
Dongfeng,K39
Dongfeng,L60
Dongfeng,Aeolus L7
Dongfeng,Forthing Lingzhi M3
Dongfeng,Forthing Lingzhi M5
Dongfeng,Forthing Lingzhi Plus
Dongfeng,Forthing Lingzhi V3
Dongfeng,Forthing U-Tour M4 Yacht
Dongfeng,Forthing M6
Dongfeng,Forthing M7
Dongfeng,Aeolus Mage
Dongfeng,Mengshi
Dongfeng,Mengshi M-Hero Warrior 917
Dongfeng,Glory MINI EV
Dongfeng,Fengdu MX5
Dongfeng,Fengdu MX6
Dongfeng,Nammi 01
Dongfeng,Nammi 06
Dongfeng,Nano BOX
Dongfeng,Oting
Dongfeng,Yufeng P16
Dongfeng,Paladin
Dongfeng,Pickup
Dongfeng,Ruichi R5
Dongfeng,Rich 6
Dongfeng,Rich 7
Dongfeng,Rich Pickup
Dongfeng,Rich SUV
Dongfeng,Ruilida V5
Dongfeng,Ruilida V7
Dongfeng,Yufeng S16
Dongfeng,Fengshen S30
Dongfeng,Forthing S500
Dongfeng,Glory S560
Dongfeng,Forthing S60EV
Dongfeng,Forthing Xinghai S7
Dongfeng,Aeolus Sky EV01
Dongfeng,Succe
Dongfeng,Super cab
Dongfeng,SX5
Dongfeng,Forthing SX6
Dongfeng,SX6 Pro
Dongfeng,Forthing T1
Dongfeng,Forthing T5
Dongfeng,Forthing T5 EVO
Dongfeng,Forthing T5 Mach Edition
Dongfeng,Forthing T5 Prosperous Style
Dongfeng,Forthing T5L
Dongfeng,Forthing Thunder
Dongfeng,V07 S
Dongfeng,V21
Dongfeng,V22
Dongfeng,V27
Dongfeng,V29
Dongfeng,Forthing Xinghai U-Tour V9
Dongfeng,U-Vane
Dongfeng,U-Vane V9+
Dongfeng,Yumsun
Dorcen,E20
Dorcen,G60
Dorcen,G60E
Dorcen,G60S
Dorcen,G70S
Dorcen,T7PLUS
DR,1.0
DR,3.0
DR,4.0
DR,5.0
DR,6.0
DR,7.0
DR,City Cross
DR,DR1
DR,DR2
DR,DR3
DR,DR4
DR,DR5
DR,DR6
DR,Evo
DR,Evo5
DR,F35
DR,PK8
DR,Zero
DS,DS 3
DS,DS 3 Crossback
DS,DS 4
DS,DS 4 Crossback
DS,DS 4S
DS,DS 5
DS,DS 5LS
DS,DS 6
DS,DS 7
DS,DS 7 Crossback
DS,DS 9
e.GO,e.wave X
e.GO,Life
Eagle,Premier
Eagle,Summit
Eagle,Talon
Eagle,Vision
Eagle,Wagon
Elaris,Beo
Elaris,Caro
Elaris,Caro S
Elaris,DYO
Elaris,Finn
Elaris,Jaco
Elaris,Lenn
Elaris,Leo
Elaris,Pio
EMC,4
EMC,6
EMC,7
EMC,Wave 2
EMC,Wave 3
EMC,Yudo
Enovate,ME5
Enovate,ME7
Enranger,727
Enranger,737
Enranger,EX1
Enranger,G3
Enranger,G5
Everus,S1
Everus,VE-1
EVO,3
EVO,4
EVO,5
EVO,6
EVO,7
EVO,Cross 4
EVO,Electric
Evolute,i-JET
Evolute,i-JOY
Evolute,i-PRO
Evolute,i-SKY
Evolute,i-SPACE
Evolute,i-VAN
Exeed,LX
Exeed,RX
Exeed,Sterra ES
Exeed,Sterra ET
Exeed,TX
Exeed,TXL
Exeed,VX
Fangchengbao,Leopard 5
FAW,Bestune E01
FAW,Bestune Joy 03
FAW,Bestune M9
FAW,Bestune NAT
FAW,Bestune Pony
FAW,Bestune T90
FAW,Bestune B30
FAW,Bestune B50
FAW,Bestune B70
FAW,Bestune B70S
FAW,Bestune B90
FAW,Bestune T33
FAW,Bestune T55
FAW,Bestune T77
FAW,Bestune T77 Pro
FAW,Bestune T99
FAW,Bestune X40
FAW,Bestune X80
FAW,Junpai A50
FAW,Junpai A70
FAW,Junpai A70E
FAW,Junpai CX65
FAW,Junpai D60
FAW,Oley
FAW,Senia R9
FAW,T340
FAW,T50
FAW,T51
FAW,T57
FAW,T80
FAW,V2
FAW,V5
FAW,V52
FAW,V55
FAW,V70
FAW,V75
FAW,V77
FAW,V80
FAW,Vela
FAW,Vita
FAW,Vizi
FAW,Xenia M80
FAW,Sirius R7
FAW,Xenia S80
FAW,Xiali
FAW,Xiali N3
FAW,Xiali N5
FAW,Xiali N7
FAW Audi,A3
FAW Audi,A4
FAW Audi,A6
FAW Audi,A6 Allroad
FAW Audi,Q3
FAW Audi,Q5
FAW Audi,RS 3
FAW Audi,RS 4
FAW Audi,S4
FAW Mazda,Atenza
FAW Mazda,CX-4
FAW Mazda,CX-7
FAW Mazda,M6
FAW Mazda,M8
FAW Mazda,Mazda6
FAW Mazda,MX-5
FAW Toyota,Avalon
FAW Toyota,Corolla
FAW Toyota,Corolla EX
FAW Toyota,Crown
FAW Toyota,Izoa
FAW Toyota,Land Cruiser
FAW Toyota,Land Cruiser Prado
FAW Toyota,Prius
FAW Toyota,RAV4
FAW Toyota,Reiz
FAW Toyota,Terios
FAW Toyota,Vios
FAW Volkswagen,Bora
FAW Volkswagen,Bora Classic
FAW Volkswagen,C-Trek
FAW Volkswagen,Caddy
FAW Volkswagen,CC
FAW Volkswagen,Golf
FAW Volkswagen,Golf Sportsvan
FAW Volkswagen,Jetta
FAW Volkswagen,Magotan
FAW Volkswagen,Sagitar
FAW Volkswagen,T-Roc
FAW Volkswagen,Tacqua
FAW Volkswagen,Tayron
FAW Volkswagen,Tayron X
Ferrari,12Cilindri
Ferrari,12Cilindri Spider
Ferrari,296 GT3
Ferrari,296 GTB
Ferrari,296 GTS
Ferrari,348 GTB
Ferrari,348 GTS
Ferrari,348 Spider
Ferrari,348 tb
Ferrari,348 ts
Ferrari,360 Challenge Stradale
Ferrari,360 Modena
Ferrari,360 Spider
Ferrari,456
Ferrari,458 Italia
Ferrari,458 Speciale
Ferrari,458 Speciale A
Ferrari,458 Spider
Ferrari,488 GTB
Ferrari,488 Pista
Ferrari,488 Pista Spider
Ferrari,488 Spider
Ferrari,512 TR
Ferrari,550 Barchetta Pininfarina
Ferrari,550 Maranello
Ferrari,575M Maranello
Ferrari,575M Superamerica
Ferrari,599 GTB Fiorano
Ferrari,612 Scaglietti
Ferrari,812 Competizione
Ferrari,812 Competizione A
Ferrari,812 GTS
Ferrari,812 Superfast
Ferrari,California
Ferrari,California T
Ferrari,Daytona SP3
Ferrari,Enzo
Ferrari,F12 Berlinetta
Ferrari,F12tdf
Ferrari,F355 Berlinetta
Ferrari,F355 GTS
Ferrari,F355 Spider
Ferrari,F430
Ferrari,F430 Spider
Ferrari,F512 M
Ferrari,F8 Spider
Ferrari,F8 Tributo
Ferrari,F80
Ferrari,FF
Ferrari,GTC4Lusso
Ferrari,LaFerrari
Ferrari,LaFerrari Aperta
Ferrari,Monza SP1
Ferrari,Monza SP2
Ferrari,Portofino
Ferrari,Portofino M
Ferrari,Purosangue
Ferrari,Roma
Ferrari,Roma Spider
Ferrari,SF90 Spider
Ferrari,SF90 Stradale
Fiat,124
Fiat,124 Spider
Fiat,500
Fiat,500C
Fiat,500e
Fiat,500L
Fiat,500X
Fiat,595
Fiat,600
Fiat,600e
Fiat,695
Fiat,Albea
Fiat,Argo
Fiat,Avventura
Fiat,Barchetta
Fiat,Brava
Fiat,Bravo
Fiat,Cinquecento
Fiat,Coupe
Fiat,Croma
Fiat,Cronos
Fiat,Doblo
Fiat,Ducato
Fiat,E-Doblo
Fiat,E-Ulysse
Fiat,Egea
Fiat,Fastback
Fiat,Fiorino
Fiat,Freemont
Fiat,Fullback
Fiat,Grand Siena
Fiat,Grande Panda
Fiat,Grande Punto
Fiat,Idea
Fiat,Linea
Fiat,Marea
Fiat,Mille
Fiat,Mobi
Fiat,Multipla
Fiat,Ottimo
Fiat,Palio
Fiat,Palio Adventure
Fiat,Palio Weekend
Fiat,Panda
Fiat,Panda Cross
Fiat,Pandina
Fiat,Pratico
Fiat,Pulse
Fiat,Pulse Abarth
Fiat,Punto
Fiat,Punto Evo
Fiat,Qubo
Fiat,Ritmo
Fiat,Scudo
Fiat,Sedici
Fiat,Seicento
Fiat,Siena
Fiat,Siena EL
Fiat,Stilo
Fiat,Strada
Fiat,Talento
Fiat,Tempra
Fiat,Tipo
Fiat,Titano
Fiat,Topolino
Fiat,Toro
Fiat,Ulysse
Fiat,Uno
Fiat,Urban Cross
Fiat,Viaggio
Fisker,Karma
Fisker,Latigo CS
Fisker,Ocean
Fisker,Tramonto
Foday,Explorer II
Foday,Explorer III
Foday,Explorer 6
Foday,Landfort
Foday,Lion
Foday,Lion F16
Foday,Lion F22
Foday,Little Superman
Force,Citiline
Force,Gurkha
Force,Kargo King
Force,One
Force,Traveller
Force,Trax
Force,Urbania
Ford,Aerostar
Ford,Aspire
Ford,B-MAX
Ford,Bronco
Ford,Bronco II
Ford,Bronco Sport
Ford,C-MAX
Ford,Capri
Ford,Capri EV
Ford,Classic
Ford,Club Wagon
Ford,Contour
Ford,Cortina
Ford,Cougar
Ford,Courier
Ford,Crown Victoria
Ford,E-150 Econoline
Ford,E-250 Econoline
Ford,E-350 Econoline
Ford,E-Transit
Ford,EcoSport
Ford,Edge
Ford,Edge L
Ford,Edge Plus
Ford,Endeavour
Ford,Endura
Ford,Equator
Ford,Equator Sport
Ford,Escape
Ford,Escort
Ford,Escort ZX2
Ford,Everest
Ford,Evos
Ford,Excursion
Ford,Expedition
Ford,Explorer
Ford,Explorer EV
Ford,Explorer Sport Trac
Ford,F-100
Ford,F-150
Ford,F-150 Lightning
Ford,F-250
Ford,F-350
Ford,F-450 Super Duty
Ford,Fairlane
Ford,Fairmont
Ford,Falcon
Ford,Fiesta
Ford,Fiesta Active
Ford,Fiesta Classic
Ford,Fiesta Ikon
Ford,Figo
Ford,Five Hundred
Ford,Flex
Ford,Focus
Ford,Focus Active
Ford,Focus C-MAX
Ford,Focus Electric
Ford,Focus Shooting Brake
Ford,Freestar
Ford,Freestyle
Ford,Fusion
Ford,Galaxie 500
Ford,Galaxy
Ford,Gran Torino
Ford,Granada
Ford,Grand C-MAX
Ford,GT
Ford,Ikon
Ford,Ka
Ford,Ka Freestyle
Ford,Ka+
Ford,Ka+ Active
Ford,Kuga
Ford,Laser
Ford,Lobo
Ford,LTD
Ford,Maverick
Ford,Mondeo
Ford,Mondeo Sport
Ford,Mustang
Ford,Mustang Boss 302
Ford,Mustang Cobra
Ford,Mustang Mach 1
Ford,Mustang Mach-E
Ford,Mustang Shelby GT350
Ford,Mustang Shelby GT500
Ford,Orion
Ford,P100
Ford,Probe
Ford,Puma
Ford,Ranchero
Ford,Ranger
Ford,S-MAX
Ford,Scorpio
Ford,Sierra
Ford,SportKa
Ford,StreetKa
Ford,Taurus
Ford,Taurus SHO
Ford,Taurus X
Ford,Territory
Ford,Thunderbird
Ford,Tourneo
Ford,Tourneo Connect
Ford,Tourneo Courier
Ford,Tourneo Custom
Ford,Transit
Ford,Transit 150
Ford,Transit 250
Ford,Transit 350
Ford,Transit 350 HD
Ford,Transit Connect
Ford,Transit Courier
Ford,Transit Custom
Ford,Transit T8
Ford,Windstar
Forthing,Friday
Forthing,Lingzhi M5
Forthing,Lingzhi Plus
Forthing,U-Tour M4 Yacht
Forthing,M7
Forthing,Joyear S50EV
Forthing,S7
Forthing,T5
Forthing,T5 EVO
Forthing,T5 HEV
Forthing,T5 Mach Edition
Forthing,T5 Prosperous Style
Forthing,T5L
Forthing,V9
Foton,Conqueror
Foton,Conqueror 3
Foton,Conqueror 5
Foton,Conqueror 7
Foton,Conqueror Plus
Foton,G7
Foton,G9
Foton,Gratour
Foton,Gratour GT
Foton,Gratour im6
Foton,Gratour im8
Foton,Gratour ix5
Foton,Gratour ix7
Foton,Gratour T3
Foton,Gratour V3
Foton,Gratour V5
Foton,Harabas TM300
Foton,Mars 7
Foton,Mars 9
Foton,Midi
Foton,MPX
Foton,MPX S
Foton,Sauvana
Foton,Sup
Foton,Thunder
Foton,TM3
Foton,TM5
Foton,Toano
Foton,Toplander
Foton,Transvan
Foton,Tunland
Foton,Tunland E3
Foton,Tunland E5
Foton,Tunland E7
Foton,Tunland G7
Foton,Tunland G9
Foton,Tunland S
Foton,Tunland Shengtu
Foton,Tunland V7
Foton,Tunland V9
Foton,Tunland Yutu
Foton,V
Foton,V7
Foton,V9
Foton,View
Foton,View CS2
Foton,View G5
Foton,View G7
Foton,View G9
GAC,Emkoo
GAC,Empow
GAC,Emzoom
GAC,GA4 Plus
GAC,GN6
GAC,GN8
GAC,GS3 Power
GAC,GS4 Coupe
GAC,GS4 Plus
GAC,GS4 Power
GAC,GS8S
GAC,M6
GAC,M6 Max
GAC,M6 Pro
GAC,M8
GAC,Qizhi
GAC,E8
GAC,E9
GAC,ES9
GAC,GA3
GAC,GA3S
GAC,GA4
GAC,GA5
GAC,GA6
GAC,GA8
GAC,GE3
GAC,GM8
GAC,GS3
GAC,GS4
GAC,Trumpchi GS4 Max
GAC,GS5
GAC,GS5 Sport
GAC,GS5 Super
GAC,GS7
GAC,GS8
GAC,Trumpchi S7
GAC Fiat,500
GAC Fiat,Freemont
GAC Fiat,Ottimo
GAC Fiat,Viaggio
GAC Honda,Accord
GAC Honda,Avancier
GAC Honda,Breeze
GAC Honda,City
GAC Honda,City Classic
GAC Honda,CR-Z
GAC Honda,Crider
GAC Honda,Crosstour
GAC Honda,Fit
GAC Honda,Odyssey
GAC Honda,Sidi
GAC Honda,VE-1
GAC Honda,Vezel
GAC Toyota,Alphard
GAC Toyota,C-HR
GAC Toyota,Camry
GAC Toyota,E'Z
GAC Toyota,Highlander
GAC Toyota,iA5
GAC Toyota,Levin
GAC Toyota,Wildlander
GAC Toyota,Yaris
GAC Toyota,Yaris L
GAC Toyota,Yaris L enjoy
GAC Toyota,Yaris L X
Galaxy,E5
Galaxy,E8
Galaxy,L6
Galaxy,L7
GAZ,Gazelle
GAZ,Gazelle Business
GAZ,Gazelle City
GAZ,Gazelle Next
GAZ,Gazelle NN
GAZ,Sobol
GAZ,Sobol Business
GAZ,Sobol NN
GAZ,Volga
GAZ,Volga Siber
Geely,Atlas
Geely,Atlas Pro
Geely,Azkarra
Geely,Binrui
Geely,Binrui Cool
Geely,Binyue
Geely,Binyue Cool
Geely,Binyue L
Geely,Borui
Geely,Borui GE
Geely,Boyue
Geely,Boyue Cool
Geely,Boyue L
Geely,Boyue X
Geely,Chinese Dragon
Geely,Cityray
Geely,CK
Geely,Coolray
Geely,Coolray Lite
Geely,Cowboy
Geely,E8
Geely,Emgrand EC7
Geely,Emgrand
Geely,Emgrand 7
Geely,Emgrand 8 / EC8
Geely,Emgrand EV
Geely,Emgrand EVPRO
Geely,Emgrand GL
Geely,Emgrand GS
Geely,Emgrand GSe
Geely,Emgrand GT
Geely,Emgrand L
Geely,Emgrand S
Geely,Emgrand X7 Sport
Geely,Englon C5
Geely,Englon TX4
Geely,EX5
Geely,Emgrand X7
Geely,Farizon SV
Geely,FC
Geely,GC 515
Geely,GC2
Geely,GC5
Geely,GC6
Geely,GC7
Geely,GC9
Geely,Geometry C
Geely,Geometry E
Geely,Golden Eagle
Geely,GX2
Geely,GX3
Geely,GX3 Pro
Geely,GX7
Geely,GX9
Geely,Haoyue L
Geely,Haoyue Pro
Geely,Icon
Geely,Jiaji
Geely,LC
Geely,LC Cross
Geely,MK
Geely,MK Cross
Geely,Monjaro
Geely,Mybo
Geely,Okavango
Geely,Otaka
Geely,Panda Mini
Geely,Preface
Geely,Riddara
Geely,SC3
Geely,SC5-RV
Geely,SC6
Geely,SC7 
Geely,Star Wish
Geely,Starray
Geely,SX7
Geely,Tugella
Geely,Uliou
Geely,Vision
Geely,Vision S1
Geely,Vision SUV
Geely,Vision X1
Geely,Vision X3
Geely,Vision X6
Geely,Vision X6 Pro
Geely,Xingrui L
Geely,Xingyue L
Geely,Xingyue L Zhiqing
Genesis,EQ900
Genesis,G70
Genesis,G80
Genesis,G90
Genesis,GV60
Genesis,GV70
Genesis,GV80
GEO,Metro
GEO,Prizm
GEO,Spectrum
GEO,Storm
GEO,Storm GCI
GEO,Tracker
Geometry,A
Geometry,A Pro
Geometry,C
Geometry,E
Geometry,e225
Geometry,EX3
Geometry,G6
Geometry,M6
Geometry,Panda Knight
Geometry,Panda Mini
GMC,Acadia
GMC,Acadia Limited
GMC,Canyon
GMC,Envoy
GMC,Hummer EV
GMC,Jimmy
GMC,Jimmy K5
GMC,Safari
GMC,Savana 1500
GMC,Savana 2500
GMC,Savana 3500
GMC,Sierra 1500
GMC,Sierra 1500 Classic
GMC,Sierra 1500 Limited
GMC,Sierra 2500HD
GMC,Sierra 2500HD Classic
GMC,Sierra 3500HD
GMC,Sierra 3500 Classic
GMC,Sierra EV
GMC,Sonoma
GMC,Suburban 1500
GMC,Suburban 2500
GMC,Syclone
GMC,Terrain
GMC,Typhoon
GMC,Yukon
GMC,Yukon XL
GMC,Yukon XL 1500
GMC,Yukon XL 2500
Great Wall (GWM),Artillery
Great Wall (GWM),C30
Great Wall (GWM),Cannon
Great Wall (GWM),Cannon Alpha
Great Wall (GWM),Coolbear
Great Wall (GWM),Cowry
Great Wall (GWM),Deer
Great Wall (GWM),Florid
Great Wall (GWM),Hover
Great Wall (GWM),Haval H3
Great Wall (GWM),Haval H5
Great Wall (GWM),Haval H6
Great Wall (GWM),Hover M1
Great Wall (GWM),Hover M2
Great Wall (GWM),King Kong Cannon
Great Wall (GWM),M4
Great Wall (GWM),Ora
Great Wall (GWM),Ora 03
Great Wall (GWM),Ora 03 GT
Great Wall (GWM),Ora 07
Great Wall (GWM),P-Series
Great Wall (GWM),P300
Great Wall (GWM),P500
Great Wall (GWM),Pao
Great Wall (GWM),Pegasus
Great Wall (GWM),Peri
Great Wall (GWM),Phenom
Great Wall (GWM),Poer
Great Wall (GWM),Poer King Kong
Great Wall (GWM),Poer Sahar
Great Wall (GWM),Safe
Great Wall (GWM),Sailor
Great Wall (GWM),Shanhai Cannon
Great Wall (GWM),Sing
Great Wall (GWM),Socool
Great Wall (GWM),Steed
Great Wall (GWM),Steed 5
Great Wall (GWM),Steed 6
Great Wall (GWM),Ute
Great Wall (GWM),V80
Great Wall (GWM),Voleex C20R
Great Wall (GWM),Voleex C30
Great Wall (GWM),Voleex C50
Great Wall (GWM),Wey 03
Great Wall (GWM),Wey 05
Great Wall (GWM),Wey 07
Great Wall (GWM),Wey 80
Great Wall (GWM),Wingle
Great Wall (GWM),Wingle 3
Great Wall (GWM),Wingle 5
Great Wall (GWM),Wingle 6
Great Wall (GWM),Wingle 7
Haima,6P
Haima,7
Haima,7X
Haima,7X-E
Haima,8S
Haima,Aishang EV
Haima,E3
Haima,F5
Haima,F7
Haima,Freema
Haima,Haima2
Haima,Haima3
Haima,Happin
Haima,Huandong
Haima,M1
Haima,M11
Haima,M3
Haima,M5
Haima,M6
Haima,M8
Haima,S5
Haima,S7
Haima,V70
Haima,Z1
Haval,Red Rabbit
Haval,Dargo
Haval,Dargo X
Haval,F5
Haval,F7
Haval,F7x
Haval,H1
Haval,H2
Haval,H2s
Haval,H3
Haval,H4
Haval,H5
Haval,H6
Haval,H6 China-Chic Edition
Haval,H6 Coupe
Haval,H6 Sport
Haval,H6 GT
Haval,H6S
Haval,H7
Haval,H7L
Haval,H8
Haval,H9
Haval,Jolion
Haval,Jolion Pro
Haval,Jolion S
Haval,Cool Dog
Haval,M6
Haval,M6 Plus
Haval,Raptor
Haval,Beast
Haval,Xiaolong
Haval,Xiaolong Max
Hawtai,B11
Hawtai,B21
Hawtai,Boliger
Hawtai,E70
Hawtai,E80
Hawtai,Laville
Hawtai,S1
Hawtai,S5
Hawtai,Santa Fe
Hawtai,Santa Fe 2
Hawtai,Santa Fe 5
Hawtai,Santa Fe 7
Hawtai,Santa Fe Classic
Hawtai,Terracan
Hindustan,Ambassador
Hindustan,Contessa
Hindustan,Winner
HiPhi,X
HiPhi,Y
HiPhi,Z
Holden,Acadia
Holden,Adventra
Holden,Apollo
Holden,Astra
Holden,Astra GTC
Holden,Astra VXR
Holden,Barina
Holden,Barina Spark
Holden,Caprice
Holden,Captiva
Holden,Captiva 5
Holden,Captiva 7
Holden,Cascada
Holden,Colorado
Holden,Colorado 7
Holden,Commodore
Holden,Crewman
Holden,Cruze
Holden,Equinox
Holden,Frontera
Holden,Insignia VXR
Holden,Jackaroo
Holden,Malibu
Holden,Monaro
Holden,One Tonner
Holden,Rodeo
Holden,Spark
Holden,Suburban
Holden,Tigra
Holden,Trailblazer
Holden,Trax
Holden,Ute
Holden,Vectra
Holden,Viva
Holden,Volt
Holden,Zafira
Honda,Accord
Honda,Accord Aerodeck
Honda,Accord Crosstour
Honda,Accord Euro
Honda,Accord Inspire
Honda,Acty Truck
Honda,Acty
Honda,Airwave
Honda,Amaze
Honda,Ascot
Honda,Ascot Innova
Honda,Avancier
Honda,Ballade
Honda,Beat
Honda,BR-V
Honda,Breeze
Honda,Brio
Honda,Brio Amaze
Honda,Capa
Honda,City
Honda,Civic
Honda,Civic 5d
Honda,Civic del Sol
Honda,Civic Ferio
Honda,Civic Shuttle
Honda,Civic Type R
Honda,Clarity
Honda,Concerto
Honda,CR-V
Honda,CR-X
Honda,CR-X del Sol
Honda,CR-Z
Honda,Crider
Honda,Crossroad
Honda,Crosstour
Honda,Del Sol
Honda,Domani
Honda,e
Honda,e:N1
Honda,e:NP1
Honda,e:NS1
Honda,e:NS2
Honda,e:Ny1
Honda,Edix
Honda,Element
Honda,Elevate
Honda,Elysion
Honda,Elysion Prestige
Honda,Envix
Honda,FCX Clarity
Honda,Fit
Honda,Fit Aria
Honda,Fit Shuttle
Honda,FR-V
Honda,Freed
Honda,Freed+
Honda,Freed Spike
Honda,Gienia
Honda,Grace
Honda,Greiz
Honda,Horizon
Honda,HR-V
Honda,Insight
Honda,Insight Exclusive
Honda,Inspire
Honda,Integra
Honda,Integra SJ
Honda,Integra Type S
Honda,Jade
Honda,Jazz
Honda,Jazz Crosstar
Honda,Lagreat
Honda,Legend
Honda,Life
Honda,Life Dunk
Honda,Logo
Honda,M-NV
Honda,MDX
Honda,Mobilio
Honda,Mobilio Spike
Honda,MR-V
Honda,N-BOX
Honda,N-BOX Custom
Honda,N-BOX+
Honda,N-BOX+ Custom
Honda,N-BOX Slash
Honda,N-ONE
Honda,N-ONE-e
Honda,N-VAN
Honda,N-WGN
Honda,N-WGN Custom
Honda,NSX
Honda,Odyssey
Honda,Odyssey J
Honda,Odyssey Prestige
Honda,Orthia
Honda,Partner
Honda,Passport
Honda,Pilot
Honda,Prelude
Honda,Prelude INX
Honda,Prologue
Honda,Rafaga
Honda,Ridgeline
Honda,S-MX
Honda,S2000
Honda,S660
Honda,S7
Honda,Saber
Honda,Shuttle
Honda,Spirior
Honda,Stepwgn
Honda,Stepwgn Spada
Honda,Stream
Honda,Street
Honda,That's
Honda,Today
Honda,Today Associe
Honda,Torneo
Honda,UR-V
Honda,Vamos
Honda,Vamos Hobio
Honda,VE-1
Honda,Vezel
Honda,Vigor
Honda,WR-V
Honda,XR-V
Honda,Z
Honda,Zest
Honda,Zest Spark
Honda,ZR-V
Hongqi,E-HS3
Hongqi,E-HS9
Hongqi,E-QM5
Hongqi,EH7
Hongqi,EHS7
Hongqi,Guoyao
Hongqi,H5
Hongqi,H6
Hongqi,H7
Hongqi,H9
Hongqi,HQ3
Hongqi,HQ9
Hongqi,HS3
Hongqi,HS5
Hongqi,HS7
Hongqi,Guoli L5
Hongqi,LS7
Hongqi,Mingshi
Hongqi,Ousado
Hongqi,Tiangong 05
Hongqi,Tiangong 06
Hongqi,Tiangong 08
Huanghai,N1
Huanghai,N1s
Huanghai,N2
Huanghai,N3
Huanghai,N7
Huanghai,N2S
Huanghai,Ruitu
Huansu,H2
Huansu,H3
Huansu,H3F
Huansu,H5
Huansu,H6
Huansu,S2
Huansu,S3
Huansu,S3L
Huansu,S5
Huansu,S6
Huansu,S7
Huasong,Huasong7
Hummer,H1
Hummer,H2
Hummer,H3
Hummer,H3T
